player_id,season,target_log_market_value,season_end,previous_valuation_date,previous_market_value_in_eur,previous_log_value
3333,2024,13.815511557963774,2025-05-25,2024-12-16,1000000.0,13.815511557963774
14086,2024,13.122365377402328,2025-05-25,2024-12-16,500000.0,13.122365377402328
16306,2024,16.118095750958314,2025-05-25,2024-12-16,12000000.0,16.300417291085605
29692,2024,13.122365377402328,2025-05-25,2024-12-16,700000.0,13.45883704259595
43530,2024,13.527829818844936,2025-05-25,2024-12-16,900000.0,13.710151153416941
51471,2024,16.811242881518265,2025-05-25,2025-03-18,25000000.0,17.034386422832473
52570,2024,13.815511557963774,2025-05-25,2024-12-16,1200000.0,13.997832948091215
52769,2024,13.527829818844936,2025-05-25,2024-12-18,1000000.0,13.815511557963774
53622,2024,15.424948670398354,2025-05-25,2025-03-18,7000000.0,15.76142084987672
61841,2024,13.527829818844936,2025-05-25,2024-12-16,1000000.0,13.815511557963774
67063,2024,15.424948670398354,2025-05-25,2024-12-16,5000000.0,15.424948670398354
68390,2024,13.122365377402328,2025-05-25,2024-12-16,500000.0,13.122365377402328
69633,2024,15.201805169084134,2025-05-25,2024-12-16,6000000.0,15.607270193858982
72476,2024,16.118095750958314,2025-05-25,2024-12-16,11000000.0,16.213405921671733
73564,2024,14.220976332738882,2025-05-25,2025-03-18,2000000.0,14.508658238524095
74230,2024,15.424948670398354,2025-05-25,2024-12-16,7000000.0,15.76142084987672
74960,2024,13.815511557963774,2025-05-25,2024-12-16,1000000.0,13.815511557963774
75458,2024,13.815511557963774,2025-05-25,2024-12-16,1500000.0,14.220976332738882
75489,2024,16.118095750958314,2025-05-25,2025-03-18,12000000.0,16.300417291085605
85177,2024,13.815511557963774,2025-05-25,2024-12-16,1500000.0,14.220976332738882
85941,2024,15.894952224644102,2025-05-25,2024-12-16,9000000.0,16.012735246411598
88755,2024,16.811242881518265,2025-05-25,2025-03-18,27000000.0,17.11134746100564
91845,2024,16.811242881518265,2025-05-25,2025-03-18,30000000.0,17.216707972959764
92571,2024,13.122365377402328,2025-05-25,2024-12-16,700000.0,13.45883704259595
92572,2024,13.122365377402328,2025-05-25,2025-03-18,600000.0,13.304686600863562
95424,2024,15.201805169084134,2025-05-25,2025-03-25,6000000.0,15.607270193858982
95810,2024,15.201805169084134,2025-05-25,2025-03-18,5000000.0,15.424948670398354
95976,2024,12.765691290604371,2025-05-25,2024-12-16,500000.0,13.122365377402328
99331,2024,14.508658238524095,2025-05-25,2024-12-16,3000000.0,14.914123179965662
102017,2024,15.607270193858982,2025-05-25,2025-03-18,8000000.0,15.894952224644102
104124,2024,13.45883704259595,2025-05-25,2025-03-18,1000000.0,13.815511557963774
105470,2024,16.811242881518265,2025-05-25,2024-12-16,25000000.0,17.034386422832473
108354,2024,14.731801689838347,2025-05-25,2024-12-16,3500000.0,15.068273812173887
108725,2024,16.118095750958314,2025-05-25,2025-03-18,10000000.0,16.118095750958314
110864,2024,15.607270193858982,2025-05-25,2024-12-16,8000000.0,15.894952224644102
111195,2024,15.201805169084134,2025-05-25,2024-12-16,7000000.0,15.76142084987672
111819,2024,14.220976332738882,2025-05-25,2024-12-16,2000000.0,14.508658238524095
111873,2024,16.811242881518265,2025-05-25,2024-12-16,25000000.0,17.034386422832473
118534,2024,15.424948670398354,2025-05-25,2024-12-16,6000000.0,15.607270193858982
120629,2024,16.012735246411598,2025-05-25,2024-12-16,10000000.0,16.118095750958314
121477,2024,14.220976332738882,2025-05-25,2024-12-16,2000000.0,14.508658238524095
123275,2024,14.220976332738882,2025-05-25,2024-12-16,2000000.0,14.508658238524095
123551,2024,13.122365377402328,2025-05-25,2024-12-16,900000.0,13.710151153416941
123682,2024,15.894952224644102,2025-05-25,2024-12-16,11000000.0,16.213405921671733
125714,2024,16.118095750958314,2025-05-25,2024-12-16,10000000.0,16.118095750958314
126664,2024,16.118095750958314,2025-05-25,2024-12-16,12000000.0,16.300417291085605
126665,2024,14.220976332738882,2025-05-25,2024-12-16,2000000.0,14.508658238524095
127187,2024,15.76142084987672,2025-05-25,2024-12-16,8000000.0,15.894952224644102
127202,2024,15.76142084987672,2025-05-25,2024-12-16,7000000.0,15.76142084987672
128901,2024,14.603968372873895,2025-05-25,2024-12-16,3000000.0,14.914123179965662
130164,2024,16.705882371415992,2025-05-25,2024-12-16,20000000.0,16.811242881518265
131978,2024,15.607270193858982,2025-05-25,2024-12-16,8000000.0,15.894952224644102
134270,2024,15.607270193858982,2025-05-25,2024-12-16,7000000.0,15.76142084987672
134294,2024,15.607270193858982,2025-05-25,2024-12-16,7000000.0,15.76142084987672
134425,2024,16.118095750958314,2025-05-25,2025-03-18,15000000.0,16.52356082573315
135343,2024,15.76142084987672,2025-05-25,2024-12-16,9000000.0,16.012735246411598
136401,2024,14.220976332738882,2025-05-25,2024-12-16,2000000.0,14.508658238524095
139208,2024,16.951004817371683,2025-05-25,2024-12-16,28000000.0,17.147715103853763
142310,2024,14.220976332738882,2025-05-25,2024-12-16,2000000.0,14.508658238524095
144028,2024,16.906553056777135,2025-05-25,2024-12-16,30000000.0,17.216707972959764
146310,2024,15.894952224644102,2025-05-25,2025-03-18,10000000.0,16.118095750958314
146509,2024,13.592368256649284,2025-05-25,2024-12-16,1200000.0,13.997832948091215
146795,2024,14.508658238524095,2025-05-25,2024-12-16,3000000.0,14.914123179965662
148153,2024,15.607270193858982,2025-05-25,2025-03-18,8000000.0,15.894952224644102
148367,2024,16.213405921671733,2025-05-25,2025-03-18,12000000.0,16.300417291085605
148455,2024,17.72753358339242,2025-05-25,2024-12-16,55000000.0,17.822843761378564
157506,2024,14.914123179965662,2025-05-25,2025-03-12,5000000.0,15.424948670398354
157672,2024,15.424948670398354,2025-05-25,2024-12-16,7000000.0,15.76142084987672
163744,2024,14.220976332738882,2025-05-25,2024-12-16,2000000.0,14.508658238524095
170527,2024,15.76142084987672,2025-05-25,2025-03-18,10000000.0,16.118095750958314
170934,2024,15.830413711839864,2025-05-25,2025-03-20,7500000.0,15.830413711839864
171679,2024,14.508658238524095,2025-05-25,2024-12-16,2500000.0,14.731801689838349
173504,2024,16.012735246411598,2025-05-25,2024-12-16,10000000.0,16.118095750958314
177476,2024,17.034386422832473,2025-05-25,2025-03-18,32000000.0,17.281246492014
177907,2024,16.380459992348886,2025-05-25,2024-12-16,15000000.0,16.52356082573315
181579,2024,15.894952224644102,2025-05-25,2025-03-18,10000000.0,16.118095750958314
181687,2024,12.899222326086994,2025-05-25,2024-12-16,500000.0,13.122365377402328
181778,2024,16.118095750958314,2025-05-25,2024-12-16,12000000.0,16.300417291085605
183288,2024,16.300417291085605,2025-05-25,2025-03-18,16000000.0,16.588099342704055
184528,2024,14.508658238524095,2025-05-25,2024-12-16,2500000.0,14.731801689838349
184573,2024,15.894952224644102,2025-05-25,2024-12-16,10000000.0,16.118095750958314
186186,2024,14.731801689838347,2025-05-25,2025-03-18,4000000.0,15.201805169084134
186590,2024,17.034386422832473,2025-05-25,2025-03-18,30000000.0,17.216707972959764
188077,2024,16.118095750958314,2025-05-25,2024-12-16,12000000.0,16.300417291085605
192080,2024,15.894952224644102,2025-05-25,2025-03-18,10000000.0,16.118095750958314
192279,2024,16.118095750958314,2025-05-25,2024-12-16,11000000.0,16.213405921671733
192765,2024,15.607270193858982,2025-05-25,2024-12-16,8000000.0,15.894952224644102
193098,2024,15.76142084987672,2025-05-25,2024-12-16,11000000.0,16.213405921671733
193116,2024,16.588099342704055,2025-05-25,2025-03-18,18000000.0,16.705882371415992
195633,2024,14.603968372873895,2025-05-25,2024-12-16,2800000.0,14.845130332288226
197838,2024,13.815511557963774,2025-05-25,2024-12-16,1000000.0,13.815511557963774
198516,2024,14.914123179965662,2025-05-25,2025-03-18,4000000.0,15.201805169084134
199527,2024,16.588099342704055,2025-05-25,2025-03-18,16000000.0,16.588099342704055
203026,2024,13.997832948091215,2025-05-25,2024-12-16,1500000.0,14.220976332738882
203394,2024,16.705882371415992,2025-05-25,2024-12-16,20000000.0,16.811242881518265
203460,2024,17.147715103853763,2025-05-25,2025-03-18,35000000.0,17.370858648025116
203853,2024,16.811242881518265,2025-05-25,2025-03-18,22000000.0,16.906553056777135
204103,2024,16.012735246411598,2025-05-25,2024-12-16,10000000.0,16.118095750958314
206040,2024,15.424948670398354,2025-05-25,2024-12-16,5000000.0,15.424948670398354
206746,2024,16.380459992348886,2025-05-25,2024-12-16,15000000.0,16.52356082573315
207014,2024,15.76142084987672,2025-05-25,2024-12-16,9000000.0,16.012735246411598
209212,2024,15.607270193858982,2025-05-25,2025-03-18,8000000.0,15.894952224644102
212847,2024,16.213405921671733,2025-05-25,2024-12-16,12000000.0,16.300417291085605
215810,2024,12.206077645517674,2025-05-25,2024-12-16,200000.0,12.206077645517674
215876,2024,15.319588176962746,2025-05-25,2025-03-18,5000000.0,15.424948670398354
225122,2024,16.213405921671733,2025-05-25,2025-03-18,13000000.0,16.380459992348886
226973,2024,15.607270193858982,2025-05-25,2025-03-18,7000000.0,15.76142084987672
230784,2024,16.454567959008102,2025-05-25,2024-12-16,15000000.0,16.52356082573315
231572,2024,16.012735246411598,2025-05-25,2024-12-16,10000000.0,16.118095750958314
234509,2024,17.034386422832473,2025-05-25,2025-03-18,32000000.0,17.281246492014
234781,2024,15.894952224644102,2025-05-25,2024-12-16,8000000.0,15.894952224644102
234803,2024,16.705882371415992,2025-05-25,2025-03-18,20000000.0,16.811242881518265
236490,2024,16.906553056777135,2025-05-25,2025-03-18,20000000.0,16.811242881518265
238223,2024,16.811242881518265,2025-05-25,2025-03-18,25000000.0,17.034386422832473
240306,2024,17.72753358339242,2025-05-25,2024-12-16,55000000.0,17.822843761378564
241641,2024,17.453096744006448,2025-05-25,2025-03-18,45000000.0,17.622173069956816
242631,2024,17.147715103853763,2025-05-25,2024-12-16,25000000.0,17.034386422832473
243028,2024,16.012735246411598,2025-05-25,2024-12-16,11000000.0,16.213405921671733
245056,2024,16.454567959008102,2025-05-25,2024-12-16,10000000.0,16.118095750958314
249089,2024,16.52356082573315,2025-05-25,2025-03-18,15000000.0,16.52356082573315
249126,2024,16.012735246411598,2025-05-25,2025-03-18,10000000.0,16.118095750958314
249565,2024,17.453096744006448,2025-05-25,2025-03-18,35000000.0,17.370858648025116
249994,2024,15.76142084987672,2025-05-25,2024-12-16,8000000.0,15.894952224644102
250426,2024,16.300417291085605,2025-05-25,2025-03-28,14000000.0,16.454567959008102
250478,2024,15.424948670398354,2025-05-25,2024-12-16,8000000.0,15.894952224644102
251106,2024,16.118095750958314,2025-05-25,2024-12-16,13000000.0,16.380459992348886
253677,2024,15.424948670398354,2025-05-25,2025-03-18,6000000.0,15.607270193858982
255788,2024,14.508658238524095,2025-05-25,2024-12-16,2500000.0,14.731801689838349
256178,2024,16.811242881518265,2025-05-25,2025-03-18,25000000.0,17.034386422832473
256977,2024,15.520258832020865,2025-05-25,2024-12-13,7000000.0,15.76142084987672
258004,2024,17.989897843244528,2025-05-25,2025-03-18,70000000.0,18.064005814299346
258878,2024,16.811242881518265,2025-05-25,2024-12-16,20000000.0,16.811242881518265
258889,2024,17.50439003707821,2025-05-25,2024-12-16,45000000.0,17.622173069956816
258919,2024,16.811242881518265,2025-05-25,2024-12-16,15000000.0,16.52356082573315
258923,2024,17.72753358339242,2025-05-25,2025-03-18,50000000.0,17.72753358339242
260827,2024,17.11134746100564,2025-05-25,2024-12-16,32000000.0,17.281246492014
262226,2024,16.380459992348886,2025-05-25,2024-12-16,15000000.0,16.52356082573315
262300,2024,14.914123179965662,2025-05-25,2024-12-16,3500000.0,15.068273812173887
262749,2024,17.50439003707821,2025-05-25,2024-12-16,40000000.0,17.50439003707821
262980,2024,16.118095750958314,2025-05-25,2025-03-18,12000000.0,16.300417291085605
263236,2024,17.034386422832473,2025-05-25,2024-12-10,25000000.0,17.034386422832473
270171,2024,16.811242881518265,2025-05-25,2024-12-16,22000000.0,16.906553056777135
272622,2024,16.454567959008102,2025-05-25,2025-03-18,16000000.0,16.588099342704055
272855,2024,15.607270193858982,2025-05-25,2025-03-18,8000000.0,15.894952224644102
272999,2024,16.118095750958314,2025-05-25,2025-04-17,12000000.0,16.300417291085605
274839,2024,16.52356082573315,2025-05-25,2024-12-16,18000000.0,16.705882371415992
277033,2024,16.118095750958314,2025-05-25,2025-03-18,12000000.0,16.300417291085605
279455,2024,16.52356082573315,2025-05-25,2024-12-16,17000000.0,16.648723960844016
282429,2024,15.607270193858982,2025-05-25,2025-03-18,8000000.0,15.894952224644102
283628,2024,16.705882371415992,2025-05-25,2025-03-18,22000000.0,16.906553056777135
284730,2024,17.147715103853763,2025-05-25,2025-03-18,32000000.0,17.281246492014
284857,2024,17.370858648025116,2025-05-25,2024-12-16,30000000.0,17.216707972959764
286047,2024,17.281246492014,2025-05-25,2024-12-16,35000000.0,17.370858648025116
288323,2024,13.592368256649284,2025-05-25,2024-12-30,800000.0,13.592368256649284
289592,2024,16.705882371415992,2025-05-25,2024-12-16,20000000.0,16.811242881518265
292139,2024,16.118095750958314,2025-05-25,2024-12-16,12000000.0,16.300417291085605
292246,2024,16.300417291085605,2025-05-25,2025-03-18,17000000.0,16.648723960844016
292808,2024,16.52356082573315,2025-05-25,2024-12-16,20000000.0,16.811242881518265
294057,2024,17.553180200057167,2025-05-25,2025-03-18,50000000.0,17.72753358339242
295313,2024,16.588099342704055,2025-05-25,2025-03-18,18000000.0,16.705882371415992
296622,2024,16.811242881518265,2025-05-25,2024-12-10,20000000.0,16.811242881518265
300716,2024,16.012735246411598,2025-05-25,2024-12-16,10000000.0,16.118095750958314
306024,2024,16.588099342704055,2025-05-25,2025-03-18,20000000.0,16.811242881518265
309400,2024,17.989897843244528,2025-05-25,2025-03-18,70000000.0,18.064005814299346
314353,2024,18.13299868483392,2025-05-25,2024-12-16,75000000.0,18.132998684833918
314875,2024,17.50439003707821,2025-05-25,2024-12-16,45000000.0,17.622173069956816
315969,2024,17.72753358339242,2025-05-25,2024-12-18,40000000.0,17.50439003707821
316125,2024,16.52356082573315,2025-05-25,2025-03-18,18000000.0,16.705882371415992
316264,2024,18.258161826219297,2025-05-25,2025-03-18,100000000.0,18.420680753952364
319859,2024,16.454567959008102,2025-05-25,2025-03-18,16000000.0,16.588099342704055
320411,2024,16.118095750958314,2025-05-25,2025-03-25,12000000.0,16.300417291085605
321247,2024,16.52356082573315,2025-05-25,2024-12-16,18000000.0,16.705882371415992
324223,2024,14.731801689838347,2025-05-25,2024-12-16,2500000.0,14.731801689838349
324358,2024,17.50439003707821,2025-05-25,2025-03-18,50000000.0,17.72753358339242
326029,2024,17.034386422832473,2025-05-25,2025-03-18,25000000.0,17.034386422832473
326031,2024,17.453096744006448,2025-05-25,2025-03-18,40000000.0,17.50439003707821
328658,2024,16.705882371415992,2025-05-25,2024-12-16,18000000.0,16.705882371415992
329145,2024,16.066802461833923,2025-05-25,2025-03-20,11000000.0,16.213405921671733
330659,2024,17.370858648025116,2025-05-25,2025-03-18,35000000.0,17.370858648025116
331560,2024,16.705882371415992,2025-05-25,2025-03-18,25000000.0,17.034386422832473
332705,2024,16.705882371415992,2025-05-25,2025-03-18,18000000.0,16.705882371415992
333014,2024,17.034386422832473,2025-05-25,2025-03-18,25000000.0,17.034386422832473
333241,2024,17.370858648025116,2025-05-25,2024-12-16,40000000.0,17.50439003707821
335721,2024,17.622173069956816,2025-05-25,2025-03-18,50000000.0,17.72753358339242
336077,2024,15.894952224644102,2025-05-25,2024-12-16,10000000.0,16.118095750958314
336367,2024,13.122365377402328,2025-05-25,2024-12-16,600000.0,13.304686600863562
338070,2024,16.705882371415992,2025-05-25,2024-12-16,20000000.0,16.811242881518265
338424,2024,17.370858648025116,2025-05-25,2025-03-18,35000000.0,17.370858648025116
339340,2024,15.894952224644102,2025-05-25,2025-03-28,12000000.0,16.300417291085605
339556,2024,16.52356082573315,2025-05-25,2025-03-18,17000000.0,16.648723960844016
340324,2024,16.705882371415992,2025-05-25,2025-03-18,22000000.0,16.906553056777135
340325,2024,16.588099342704055,2025-05-25,2024-12-16,18000000.0,16.705882371415992
340328,2024,16.118095750958314,2025-05-25,2024-12-16,11000000.0,16.213405921671733
340329,2024,16.906553056777135,2025-05-25,2024-12-16,28000000.0,17.147715103853763
340456,2024,17.034386422832473,2025-05-25,2024-12-16,32000000.0,17.281246492014
340918,2024,16.811242881518265,2025-05-25,2024-12-16,22000000.0,16.906553056777135
340950,2024,17.50439003707821,2025-05-25,2025-03-18,45000000.0,17.622173069956816
341051,2024,16.52356082573315,2025-05-25,2025-03-18,18000000.0,16.705882371415992
341092,2024,16.454567959008102,2025-05-25,2025-03-18,18000000.0,16.705882371415992
341501,2024,15.319588176962746,2025-05-25,2024-12-16,4500000.0,15.319588176962746
342046,2024,15.424948670398354,2025-05-25,2024-12-16,5000000.0,15.424948670398354
342385,2024,16.118095750958314,2025-05-25,2025-03-18,12000000.0,16.300417291085605
343475,2024,15.607270193858982,2025-05-25,2024-12-18,8000000.0,15.894952224644102
344009,2024,15.319588176962746,2025-05-25,2024-12-16,5000000.0,15.424948670398354
344152,2024,15.894952224644102,2025-05-25,2025-03-18,10000000.0,16.118095750958314
344381,2024,17.370858648025116,2025-05-25,2025-03-18,45000000.0,17.622173069956816
346314,2024,17.034386422832473,2025-05-25,2025-03-18,17000000.0,16.648723960844016
346483,2024,17.147715103853763,2025-05-25,2025-03-18,28000000.0,17.147715103853763
346707,2024,16.811242881518265,2025-05-25,2025-03-18,22000000.0,16.906553056777135
348623,2024,15.201805169084134,2025-05-25,2024-12-30,4500000.0,15.319588176962746
349066,2024,18.603002309079653,2025-05-25,2025-03-18,100000000.0,18.420680753952364
349503,2024,15.607270193858982,2025-05-25,2024-12-16,8000000.0,15.894952224644102
349599,2024,17.216707972959764,2025-05-25,2024-12-16,30000000.0,17.216707972959764
349701,2024,17.370858648025116,2025-05-25,2025-03-18,35000000.0,17.370858648025116
351749,2024,16.300417291085605,2025-05-25,2025-03-18,15000000.0,16.52356082573315
354362,2024,17.216707972959764,2025-05-25,2025-03-18,30000000.0,17.216707972959764
355915,2024,17.72753358339242,2025-05-25,2025-03-18,55000000.0,17.822843761378564
356141,2024,16.300417291085605,2025-05-25,2024-12-16,15000000.0,16.52356082573315
357119,2024,17.909855136853043,2025-05-25,2025-03-18,60000000.0,17.909855136853043
357147,2024,17.216707972959764,2025-05-25,2025-03-18,35000000.0,17.370858648025116
357565,2024,18.5159909328476,2025-05-25,2024-12-16,130000000.0,18.683045016112164
357658,2024,15.201805169084134,2025-05-25,2024-12-16,4000000.0,15.201805169084134
357662,2024,18.603002309079653,2025-05-25,2024-12-16,110000000.0,18.5159909328476
361093,2024,17.553180200057167,2025-05-25,2024-12-16,45000000.0,17.622173069956816
363205,2024,17.281246492014,2025-05-25,2025-03-18,40000000.0,17.50439003707821
369316,2024,17.034386422832473,2025-05-25,2024-12-16,30000000.0,17.216707972959764
371021,2024,15.424948670398354,2025-05-25,2025-03-18,6000000.0,15.607270193858982
372246,2024,16.705882371415992,2025-05-25,2024-12-16,20000000.0,16.811242881518265
375885,2024,16.993564429978885,2025-05-25,2024-12-16,28000000.0,17.147715103853763
378710,2024,16.811242881518265,2025-05-25,2025-03-18,25000000.0,17.034386422832473
380350,2024,16.811242881518265,2025-05-25,2024-12-16,22000000.0,16.906553056777135
384461,2024,16.300417291085605,2025-05-25,2024-12-16,10000000.0,16.118095750958314
385848,2024,13.592368256649284,2025-05-25,2024-12-30,350000.0,12.765691290604371
386047,2024,16.906553056777135,2025-05-25,2025-03-18,25000000.0,17.034386422832473
387626,2024,17.147715103853763,2025-05-25,2025-03-18,32000000.0,17.281246492014
388165,2024,17.281246492014,2025-05-25,2025-03-18,30000000.0,17.216707972959764
391005,2024,15.607270193858982,2025-05-25,2025-03-27,8000000.0,15.894952224644102
392591,2024,15.76142084987672,2025-05-25,2024-12-16,8000000.0,15.894952224644102
392757,2024,17.622173069956816,2025-05-25,2024-12-16,45000000.0,17.622173069956816
392765,2024,17.216707972959764,2025-05-25,2024-12-16,32000000.0,17.281246492014
392768,2024,17.034386422832473,2025-05-25,2024-12-16,24000000.0,16.993564429978885
392775,2024,16.52356082573315,2025-05-25,2024-12-16,9000000.0,16.012735246411598
394327,2024,17.50439003707821,2025-05-25,2024-12-16,38000000.0,17.453096744006448
397033,2024,17.909855136853043,2025-05-25,2025-03-18,45000000.0,17.622173069956816
398065,2024,17.370858648025116,2025-05-25,2025-03-18,30000000.0,17.216707972959764
399434,2024,16.705882371415992,2025-05-25,2024-12-16,20000000.0,16.811242881518265
399776,2024,17.281246492014,2025-05-25,2025-03-18,40000000.0,17.50439003707821
400536,2024,16.52356082573315,2025-05-25,2025-03-18,15000000.0,16.52356082573315
401173,2024,17.147715103853763,2025-05-25,2024-12-16,30000000.0,17.216707972959764
401320,2024,16.454567959008102,2025-05-25,2024-12-16,14000000.0,16.454567959008102
401356,2024,17.034386422832473,2025-05-25,2024-12-16,30000000.0,17.216707972959764
403151,2024,16.811242881518265,2025-05-25,2024-12-16,20000000.0,16.811242881518265
404842,2024,17.147715103853763,2025-05-25,2024-12-16,28000000.0,17.147715103853763
405385,2024,16.213405921671733,2025-05-25,2024-12-16,12000000.0,16.300417291085605
406634,2024,16.906553056777135,2025-05-25,2024-12-16,22000000.0,16.906553056777135
406635,2024,18.420680753952364,2025-05-25,2025-03-18,130000000.0,18.683045016112164
406638,2024,16.118095750958314,2025-05-25,2025-03-18,12000000.0,16.300417291085605
410225,2024,17.034386422832473,2025-05-25,2025-03-18,22000000.0,16.906553056777135
410425,2024,17.034386422832473,2025-05-25,2025-03-18,28000000.0,17.147715103853763
413039,2024,17.822843761378564,2025-05-25,2024-12-16,50000000.0,17.72753358339242
413220,2024,16.380459992348886,2025-05-25,2024-12-16,15000000.0,16.52356082573315
413403,2024,17.370858648025116,2025-05-25,2024-12-16,35000000.0,17.370858648025116
413507,2024,17.370858648025116,2025-05-25,2025-03-18,28000000.0,17.147715103853763
414908,2024,16.52356082573315,2025-05-25,2025-03-18,15000000.0,16.52356082573315
415381,2024,17.034386422832473,2025-05-25,2025-03-18,27000000.0,17.11134746100564
415912,2024,16.648723960844016,2025-05-25,2025-03-18,17000000.0,16.648723960844016
417346,2024,16.454567959008102,2025-05-25,2024-12-16,16000000.0,16.588099342704055
418560,2024,19.00846741441004,2025-05-25,2024-12-16,200000000.0,19.11382792951231
420002,2024,17.216707972959764,2025-05-25,2025-03-18,30000000.0,17.216707972959764
420243,2024,17.822843761378564,2025-05-25,2025-03-18,50000000.0,17.72753358339242
420808,2024,15.201805169084134,2025-05-25,2024-12-16,5000000.0,15.424948670398354
421637,2024,15.76142084987672,2025-05-25,2025-03-27,7000000.0,15.76142084987672
423744,2024,16.811242881518265,2025-05-25,2024-12-18,16000000.0,16.588099342704055
424015,2024,16.52356082573315,2025-05-25,2024-12-16,15000000.0,16.52356082573315
425334,2024,17.034386422832473,2025-05-25,2024-12-16,28000000.0,17.147715103853763
425902,2024,16.300417291085605,2025-05-25,2024-12-16,13000000.0,16.380459992348886
425918,2024,17.147715103853763,2025-05-25,2025-03-18,22000000.0,16.906553056777135
426192,2024,15.830413711839864,2025-05-25,2024-12-16,8000000.0,15.894952224644102
427568,2024,16.588099342704055,2025-05-25,2025-03-18,16000000.0,16.588099342704055
428016,2024,13.304686600863562,2025-05-25,2024-12-16,600000.0,13.304686600863562
429014,2024,17.72753358339242,2025-05-25,2025-03-18,50000000.0,17.72753358339242
429983,2024,17.216707972959764,2025-05-25,2024-12-16,27000000.0,17.11134746100564
430310,2024,15.201805169084134,2025-05-25,2024-12-16,5000000.0,15.424948670398354
431755,2024,17.72753358339242,2025-05-25,2024-12-16,60000000.0,17.909855136853043
433177,2024,18.8261458587272,2025-05-25,2024-12-16,150000000.0,18.826145858727198
433183,2024,16.118095750958314,2025-05-25,2024-12-16,10000000.0,16.118095750958314
433188,2024,17.622173069956816,2025-05-25,2025-03-18,50000000.0,17.72753358339242
434224,2024,17.034386422832473,2025-05-25,2025-03-18,22000000.0,16.906553056777135
434675,2024,18.064005814299342,2025-05-25,2025-03-18,70000000.0,18.064005814299346
435338,2024,18.13299868483392,2025-05-25,2024-12-16,75000000.0,18.132998684833918
435648,2024,17.216707972959764,2025-05-25,2025-03-18,35000000.0,17.370858648025116
438001,2024,16.118095750958314,2025-05-25,2024-12-16,8000000.0,15.894952224644102
442248,2024,15.76142084987672,2025-05-25,2024-12-16,8000000.0,15.894952224644102
444211,2024,15.607270193858982,2025-05-25,2024-12-16,7000000.0,15.76142084987672
444523,2024,17.147715103853763,2025-05-25,2025-03-18,35000000.0,17.370858648025116
445939,2024,18.13299868483392,2025-05-25,2025-03-18,75000000.0,18.132998684833918
447995,2024,15.201805169084134,2025-05-25,2024-12-16,4500000.0,15.319588176962746
450050,2024,16.705882371415992,2025-05-25,2024-12-16,18000000.0,16.705882371415992
451276,2024,18.197537205138158,2025-05-25,2025-03-18,80000000.0,18.197537205138154
458178,2024,14.914123179965662,2025-05-25,2024-12-16,3000000.0,14.914123179965662
461883,2024,17.034386422832473,2025-05-25,2025-03-18,25000000.0,17.034386422832473
462250,2024,16.811242881518265,2025-05-25,2025-03-25,25000000.0,17.034386422832473
463603,2024,16.906553056777135,2025-05-25,2025-03-18,25000000.0,17.034386422832473
466805,2024,17.50439003707821,2025-05-25,2025-03-18,40000000.0,17.50439003707821
467563,2024,16.012735246411598,2025-05-25,2024-12-16,12000000.0,16.300417291085605
468002,2024,15.894952224644102,2025-05-25,2024-12-16,9000000.0,16.012735246411598
468066,2024,16.300417291085605,2025-05-25,2024-12-16,12000000.0,16.300417291085605
468198,2024,15.607270193858982,2025-05-25,2024-12-16,6000000.0,15.607270193858982
469050,2024,17.147715103853763,2025-05-25,2024-12-16,28000000.0,17.147715103853763
469781,2024,16.906553056777135,2025-05-25,2024-12-16,24000000.0,16.993564429978885
470607,2024,17.50439003707821,2025-05-25,2024-12-16,50000000.0,17.72753358339242
471690,2024,15.607270193858982,2025-05-25,2025-03-21,12000000.0,16.300417291085605
472423,2024,17.216707972959764,2025-05-25,2024-12-16,30000000.0,17.216707972959764
473050,2024,17.216707972959764,2025-05-25,2025-03-18,27000000.0,17.11134746100564
474701,2024,16.906553056777135,2025-05-25,2024-12-16,22000000.0,16.906553056777135
475188,2024,16.811242881518265,2025-05-25,2025-03-18,22000000.0,16.906553056777135
475411,2024,17.034386422832473,2025-05-25,2025-03-18,27000000.0,17.11134746100564
475959,2024,18.13299868483392,2025-05-25,2024-12-16,75000000.0,18.132998684833918
476701,2024,17.622173069956816,2025-05-25,2024-12-16,50000000.0,17.72753358339242
477758,2024,16.993564429978885,2025-05-25,2024-12-16,22000000.0,16.906553056777135
478573,2024,18.13299868483392,2025-05-25,2025-03-18,70000000.0,18.064005814299346
479999,2024,17.822843761378564,2025-05-25,2024-12-16,55000000.0,17.822843761378564
480116,2024,16.588099342704055,2025-05-25,2024-12-16,18000000.0,16.705882371415992
480692,2024,18.064005814299342,2025-05-25,2024-12-16,85000000.0,18.258161826219297
480762,2024,17.50439003707821,2025-05-25,2025-03-18,45000000.0,17.622173069956816
483348,2024,16.811242881518265,2025-05-25,2025-03-18,15000000.0,16.52356082573315
485585,2024,17.147715103853763,2025-05-25,2025-03-18,28000000.0,17.147715103853763
485706,2024,17.72753358339242,2025-05-25,2024-12-16,55000000.0,17.822843761378564
486049,2024,17.72753358339242,2025-05-25,2025-03-18,55000000.0,17.822843761378564
486604,2024,15.201805169084134,2025-05-25,2024-12-16,5000000.0,15.424948670398354
487465,2024,17.72753358339242,2025-05-25,2025-03-18,50000000.0,17.72753358339242
488935,2024,14.731801689838347,2025-05-25,2024-12-16,2500000.0,14.731801689838349
493003,2024,17.034386422832473,2025-05-25,2024-12-16,25000000.0,17.034386422832473
494880,2024,15.424948670398354,2025-05-25,2024-12-16,6000000.0,15.607270193858982
495666,2024,18.197537205138158,2025-05-25,2024-12-16,80000000.0,18.197537205138154
497291,2024,16.705882371415992,2025-05-25,2024-12-16,17000000.0,16.648723960844016
502821,2024,17.370858648025116,2025-05-25,2025-03-18,40000000.0,17.50439003707821
503680,2024,16.811242881518265,2025-05-25,2025-03-18,20000000.0,16.811242881518265
503733,2024,17.989897843244528,2025-05-25,2025-03-18,65000000.0,17.989897843244528
503743,2024,17.822843761378564,2025-05-25,2025-03-18,50000000.0,17.72753358339242
503749,2024,17.281246492014,2025-05-25,2024-12-16,32000000.0,17.281246492014
503866,2024,16.213405921671733,2025-05-25,2025-03-18,12000000.0,16.300417291085605
503977,2024,16.906553056777135,2025-05-25,2024-12-16,25000000.0,17.034386422832473
503981,2024,17.50439003707821,2025-05-25,2024-12-16,35000000.0,17.370858648025116
503987,2024,17.50439003707821,2025-05-25,2024-12-16,40000000.0,17.50439003707821
503990,2024,15.068273812173889,2025-05-25,2024-12-16,3800000.0,15.150511887854474
504148,2024,16.213405921671733,2025-05-25,2024-12-16,12000000.0,16.300417291085605
504849,2024,17.50439003707821,2025-05-25,2024-12-16,45000000.0,17.622173069956816
505194,2024,15.607270193858982,2025-05-25,2024-12-16,6000000.0,15.607270193858982
505219,2024,16.705882371415992,2025-05-25,2024-12-16,20000000.0,16.811242881518265
506189,2024,16.380459992348886,2025-05-25,2024-12-16,15000000.0,16.52356082573315
512385,2024,16.52356082573315,2025-05-25,2024-12-16,17000000.0,16.648723960844016
513245,2024,16.705882371415992,2025-05-25,2024-12-16,20000000.0,16.811242881518265
513970,2024,16.118095750958314,2025-05-25,2024-12-16,10000000.0,16.118095750958314
517894,2024,17.909855136853043,2025-05-25,2025-03-18,55000000.0,17.822843761378564
520624,2024,18.197537205138158,2025-05-25,2024-12-16,80000000.0,18.197537205138154
525247,2024,17.034386422832473,2025-05-25,2025-03-18,30000000.0,17.216707972959764
525287,2024,15.068273812173889,2025-05-25,2024-12-16,4000000.0,15.201805169084134
527425,2024,14.508658238524095,2025-05-25,2024-12-16,2000000.0,14.508658238524095
528892,2024,15.319588176962746,2025-05-25,2024-12-16,5000000.0,15.424948670398354
533662,2024,16.300417291085605,2025-05-25,2024-12-16,14000000.0,16.454567959008102
534033,2024,18.420680753952364,2025-05-25,2025-03-18,90000000.0,18.31532023940565
536835,2024,17.622173069956816,2025-05-25,2025-03-18,40000000.0,17.50439003707821
537860,2024,16.705882371415992,2025-05-25,2024-12-16,30000000.0,17.216707972959764
538977,2024,17.281246492014,2025-05-25,2024-12-16,32000000.0,17.281246492014
540941,2024,17.147715103853763,2025-05-25,2025-03-18,25000000.0,17.034386422832473
541231,2024,16.906553056777135,2025-05-25,2025-03-18,20000000.0,16.811242881518265
543387,2024,17.034386422832473,2025-05-25,2025-03-18,30000000.0,17.216707972959764
543499,2024,17.622173069956816,2025-05-25,2024-12-16,50000000.0,17.72753358339242
546543,2024,17.622173069956816,2025-05-25,2025-03-18,50000000.0,17.72753358339242
553875,2024,17.453096744006448,2025-05-25,2024-12-16,45000000.0,17.622173069956816
556385,2024,17.50439003707821,2025-05-25,2024-12-16,45000000.0,17.622173069956816
557459,2024,17.72753358339242,2025-05-25,2024-12-16,55000000.0,17.822843761378564
559263,2024,16.454567959008102,2025-05-25,2025-03-18,15000000.0,16.52356082573315
559794,2024,16.52356082573315,2025-05-25,2024-12-16,15000000.0,16.52356082573315
564529,2024,16.52356082573315,2025-05-25,2024-12-16,16000000.0,16.588099342704055
565093,2024,17.216707972959764,2025-05-25,2024-12-16,25000000.0,17.034386422832473
565822,2024,17.216707972959764,2025-05-25,2024-12-16,35000000.0,17.370858648025116
567576,2024,17.281246492014,2025-05-25,2025-03-18,30000000.0,17.216707972959764
568005,2024,15.76142084987672,2025-05-25,2024-12-30,7000000.0,15.76142084987672
568177,2024,18.603002309079653,2025-05-25,2024-12-16,130000000.0,18.683045016112164
568559,2024,17.034386422832473,2025-05-25,2024-12-16,25000000.0,17.034386422832473
568693,2024,17.281246492014,2025-05-25,2025-03-18,40000000.0,17.50439003707821
571743,2024,16.300417291085605,2025-05-25,2025-03-18,13000000.0,16.380459992348886
576314,2024,17.281246492014,2025-05-25,2024-12-16,32000000.0,17.281246492014
578391,2024,17.370858648025116,2025-05-25,2024-12-16,35000000.0,17.370858648025116
578539,2024,16.454567959008102,2025-05-25,2024-12-16,12000000.0,16.300417291085605
581330,2024,15.894952224644102,2025-05-25,2025-03-18,8000000.0,15.894952224644102
583189,2024,17.553180200057167,2025-05-25,2025-03-18,35000000.0,17.370858648025116
583199,2024,16.811242881518265,2025-05-25,2025-03-18,18000000.0,16.705882371415992
583255,2024,17.50439003707821,2025-05-25,2025-03-18,35000000.0,17.370858648025116
584769,2024,17.034386422832473,2025-05-25,2024-12-16,25000000.0,17.034386422832473
585323,2024,16.705882371415992,2025-05-25,2024-12-16,20000000.0,16.811242881518265
592975,2024,14.508658238524095,2025-05-25,2024-12-18,2000000.0,14.508658238524095
595809,2024,16.906553056777135,2025-05-25,2024-12-16,20000000.0,16.811242881518265
596446,2024,16.906553056777135,2025-05-25,2024-12-16,25000000.0,17.034386422832473
601883,2024,17.370858648025116,2025-05-25,2025-03-18,35000000.0,17.370858648025116
602105,2024,17.370858648025116,2025-05-25,2024-12-16,20000000.0,16.811242881518265
605184,2024,17.034386422832473,2025-05-25,2025-03-18,28000000.0,17.147715103853763
606718,2024,17.147715103853763,2025-05-25,2025-03-18,25000000.0,17.034386422832473
609556,2024,15.76142084987672,2025-05-25,2024-12-16,7000000.0,15.76142084987672
610442,2024,17.370858648025116,2025-05-25,2025-03-18,45000000.0,17.622173069956816
610581,2024,14.731801689838347,2025-05-25,2024-12-16,2500000.0,14.731801689838349
610849,2024,17.50439003707821,2025-05-25,2025-03-18,35000000.0,17.370858648025116
611793,2024,14.914123179965662,2025-05-25,2024-12-16,2000000.0,14.508658238524095
614258,2024,17.822843761378564,2025-05-25,2024-12-16,55000000.0,17.822843761378564
620322,2024,17.370858648025116,2025-05-25,2024-12-16,35000000.0,17.370858648025116
621193,2024,14.508658238524095,2025-05-25,2024-12-16,900000.0,13.710151153416941
623570,2024,16.906553056777135,2025-05-25,2025-03-18,22000000.0,16.906553056777135
624258,2024,17.216707972959764,2025-05-25,2025-03-18,25000000.0,17.034386422832473
626724,2024,17.72753358339242,2025-05-25,2024-12-16,50000000.0,17.72753358339242
628451,2024,17.50439003707821,2025-05-25,2024-12-16,40000000.0,17.50439003707821
632349,2024,16.811242881518265,2025-05-25,2024-12-16,22000000.0,16.906553056777135
638964,2024,13.815511557963774,2025-05-25,2025-03-18,500000.0,13.122365377402328
644401,2024,16.951004817371683,2025-05-25,2025-03-18,23000000.0,16.951004817371683
645686,2024,15.607270193858982,2025-05-25,2025-03-18,5000000.0,15.424948670398354
648046,2024,17.034386422832473,2025-05-25,2025-03-18,32000000.0,17.281246492014
648195,2024,18.13299868483392,2025-05-25,2024-12-16,75000000.0,18.132998684833918
649020,2024,15.424948670398354,2025-05-25,2024-12-16,6000000.0,15.607270193858982
649317,2024,17.370858648025116,2025-05-25,2024-12-16,40000000.0,17.50439003707821
654253,2024,15.424948670398354,2025-05-25,2025-03-18,5000000.0,15.424948670398354
654982,2024,17.147715103853763,2025-05-25,2024-12-16,30000000.0,17.216707972959764
655488,2024,17.822843761378564,2025-05-25,2024-12-16,55000000.0,17.822843761378564
658536,2024,17.147715103853763,2025-05-25,2024-12-16,30000000.0,17.216707972959764
659089,2024,17.553180200057167,2025-05-25,2025-03-18,40000000.0,17.50439003707821
660867,2024,16.906553056777135,2025-05-25,2024-12-16,22000000.0,16.906553056777135
661053,2024,17.72753358339242,2025-05-25,2025-03-18,50000000.0,17.72753358339242
661207,2024,17.034386422832473,2025-05-25,2024-12-16,25000000.0,17.034386422832473
663244,2024,16.52356082573315,2025-05-25,2024-12-16,14000000.0,16.454567959008102
665390,2024,16.588099342704055,2025-05-25,2025-03-18,18000000.0,16.705882371415992
667121,2024,16.52356082573315,2025-05-25,2024-12-16,15000000.0,16.52356082573315
667287,2024,16.906553056777135,2025-05-25,2025-03-18,17000000.0,16.648723960844016
670688,2024,15.894952224644102,2025-05-25,2024-12-16,9000000.0,16.012735246411598
670848,2024,15.201805169084134,2025-05-25,2025-03-18,4000000.0,15.201805169084134
670858,2024,17.281246492014,2025-05-25,2025-03-18,30000000.0,17.216707972959764
670883,2024,14.508658238524095,2025-05-25,2024-12-30,1800000.0,14.403297778421795
673492,2024,16.454567959008102,2025-05-25,2024-12-16,15000000.0,16.52356082573315
680806,2024,15.607270193858982,2025-05-25,2024-12-11,8000000.0,15.894952224644102
683895,2024,16.811242881518265,2025-05-25,2025-03-18,17000000.0,16.648723960844016
687626,2024,18.31532023940565,2025-05-25,2024-12-16,80000000.0,18.197537205138154
689637,2024,16.52356082573315,2025-05-25,2024-12-16,15000000.0,16.52356082573315
693095,2024,16.705882371415992,2025-05-25,2024-12-16,20000000.0,16.811242881518265
695454,2024,14.508658238524095,2025-05-25,2024-12-27,2500000.0,14.731801689838349
696346,2024,16.213405921671733,2025-05-25,2024-12-27,9000000.0,16.012735246411598
696589,2024,16.012735246411598,2025-05-25,2024-12-16,10000000.0,16.118095750958314
700106,2024,17.034386422832473,2025-05-25,2024-12-16,25000000.0,17.034386422832473
701057,2024,17.50439003707821,2025-05-25,2024-12-16,40000000.0,17.50439003707821
709767,2024,13.304686600863562,2025-05-25,2024-12-16,600000.0,13.304686600863562
711337,2024,17.370858648025116,2025-05-25,2024-12-16,35000000.0,17.370858648025116
711544,2024,16.705882371415992,2025-05-25,2024-12-16,15000000.0,16.52356082573315
711999,2024,16.705882371415992,2025-05-25,2025-03-18,20000000.0,16.811242881518265
716276,2024,15.894952224644102,2025-05-25,2024-12-16,8000000.0,15.894952224644102
717411,2024,16.52356082573315,2025-05-25,2024-12-16,12000000.0,16.300417291085605
725912,2024,16.52356082573315,2025-05-25,2025-03-18,15000000.0,16.52356082573315
729264,2024,14.914123179965662,2025-05-25,2024-12-09,3500000.0,15.068273812173887
730861,2024,17.622173069956816,2025-05-25,2025-03-18,35000000.0,17.370858648025116
730893,2024,17.034386422832473,2025-05-25,2024-12-16,25000000.0,17.034386422832473
732165,2024,15.150511887854474,2025-05-25,2024-12-16,3800000.0,15.150511887854474
735570,2024,17.50439003707821,2025-05-25,2024-12-16,40000000.0,17.50439003707821
735571,2024,16.811242881518265,2025-05-25,2024-12-16,20000000.0,16.811242881518265
739443,2024,16.705882371415992,2025-05-25,2025-03-18,22000000.0,16.906553056777135
741238,2024,16.906553056777135,2025-05-25,2024-12-16,22000000.0,16.906553056777135
742451,2024,15.894952224644102,2025-05-25,2024-12-16,8000000.0,15.894952224644102
743413,2024,16.705882371415992,2025-05-25,2025-03-18,7000000.0,15.76142084987672
743498,2024,16.811242881518265,2025-05-25,2024-12-16,18000000.0,16.705882371415992
743591,2024,17.72753358339242,2025-05-25,2024-12-16,55000000.0,17.822843761378564
743597,2024,16.118095750958314,2025-05-25,2025-03-18,10000000.0,16.118095750958314
744149,2024,17.622173069956816,2025-05-25,2025-03-18,35000000.0,17.370858648025116
745191,2024,16.300417291085605,2025-05-25,2024-12-16,13000000.0,16.380459992348886
746695,2024,16.380459992348886,2025-05-25,2024-12-16,13000000.0,16.380459992348886
746740,2024,15.201805169084134,2025-05-25,2025-03-18,4000000.0,15.201805169084134
747009,2024,15.607270193858982,2025-05-25,2025-03-18,3000000.0,14.914123179965662
748319,2024,16.454567959008102,2025-05-25,2024-12-09,14000000.0,16.454567959008102
763079,2024,17.370858648025116,2025-05-25,2025-03-18,35000000.0,17.370858648025116
776890,2024,17.72753358339242,2025-05-25,2024-12-16,55000000.0,17.822843761378564
800176,2024,17.147715103853763,2025-05-25,2024-12-16,25000000.0,17.034386422832473
801734,2024,17.370858648025116,2025-05-25,2025-03-18,40000000.0,17.50439003707821
805714,2024,17.034386422832473,2025-05-25,2025-03-25,18000000.0,16.705882371415992
808509,2024,17.147715103853763,2025-05-25,2024-12-16,28000000.0,17.147715103853763
811779,2024,17.622173069956816,2025-05-25,2025-03-18,45000000.0,17.622173069956816
820374,2024,17.72753358339242,2025-05-25,2024-12-16,55000000.0,17.822843761378564
821522,2024,12.429220196836384,2025-05-25,2024-12-16,250000.0,12.429220196836383
823231,2024,17.147715103853763,2025-05-25,2025-03-18,25000000.0,17.034386422832473
823486,2024,16.705882371415992,2025-05-25,2024-12-18,18000000.0,16.705882371415992
845321,2024,13.815511557963774,2025-05-25,2024-12-16,1000000.0,13.815511557963774
845809,2024,12.899222326086994,2025-05-25,2024-12-16,400000.0,12.899222326086994
848682,2024,16.118095750958314,2025-05-25,2024-12-16,8500000.0,15.955576839107596
855256,2024,16.811242881518265,2025-05-25,2024-12-16,20000000.0,16.811242881518265
862297,2024,16.118095750958314,2025-05-25,2025-03-18,10000000.0,16.118095750958314
864121,2024,16.213405921671733,2025-05-25,2024-12-16,13000000.0,16.380459992348886
866246,2024,17.453096744006448,2025-05-25,2025-03-18,25000000.0,17.034386422832473
866655,2024,17.034386422832473,2025-05-25,2025-03-18,25000000.0,17.034386422832473
867688,2024,16.993564429978885,2025-05-25,2024-12-16,24000000.0,16.993564429978885
874538,2024,12.524530013005734,2025-05-25,2024-12-16,275000.0,12.524530013005734
880245,2024,16.52356082573315,2025-05-25,2024-12-16,15000000.0,16.52356082573315
890290,2024,17.909855136853043,2025-05-25,2025-03-18,42000000.0,17.553180200057167
890719,2024,17.822843761378564,2025-05-25,2025-03-18,55000000.0,17.822843761378564
890721,2024,17.622173069956816,2025-05-25,2025-03-18,28000000.0,17.147715103853763
897481,2024,13.815511557963774,2025-05-25,2024-12-16,1000000.0,13.815511557963774
922563,2024,15.894952224644102,2025-05-25,2025-03-18,4000000.0,15.201805169084134
922693,2024,17.453096744006448,2025-05-25,2025-03-18,35000000.0,17.370858648025116
922769,2024,16.906553056777135,2025-05-25,2024-12-16,22000000.0,16.906553056777135
923831,2024,17.822843761378564,2025-05-25,2024-12-16,55000000.0,17.822843761378564
926952,2024,17.034386422832473,2025-05-25,2025-03-18,25000000.0,17.034386422832473
933900,2024,15.201805169084134,2025-05-25,2025-03-24,2000000.0,14.508658238524095
936842,2024,14.508658238524095,2025-05-25,2024-12-16,2000000.0,14.508658238524095
936874,2024,16.118095750958314,2025-05-25,2025-03-18,3500000.0,15.068273812173887
938158,2024,15.894952224644102,2025-05-25,2024-12-16,8000000.0,15.894952224644102
939290,2024,13.592368256649284,2025-05-25,2024-12-27,800000.0,13.592368256649284
942497,2024,15.424948670398354,2025-05-25,2024-12-16,2000000.0,14.508658238524095
967319,2024,16.300417291085605,2025-05-25,2025-03-18,12000000.0,16.300417291085605
973085,2024,17.50439003707821,2025-05-25,2024-12-16,35000000.0,17.370858648025116
982097,2024,13.592368256649284,2025-05-25,2025-04-29,500000.0,13.122365377402328
983989,2024,16.811242881518265,2025-05-25,2024-12-16,22000000.0,16.906553056777135
986298,2024,14.220976332738882,2025-05-25,2025-03-18,1500000.0,14.220976332738882
991800,2024,16.52356082573315,2025-05-25,2025-03-18,18000000.0,16.705882371415992
992686,2024,13.304686600863562,2025-05-25,2024-12-27,600000.0,13.304686600863562
994536,2024,16.705882371415992,2025-05-25,2024-12-13,18000000.0,16.705882371415992
996897,2024,16.454567959008102,2025-05-25,2025-03-18,13000000.0,16.380459992348886
1004708,2024,15.894952224644102,2025-05-25,2025-03-18,5000000.0,15.424948670398354
1005575,2024,17.216707972959764,2025-05-25,2025-03-18,30000000.0,17.216707972959764
1005649,2024,17.822843761378564,2025-05-25,2025-03-18,55000000.0,17.822843761378564
1009658,2024,15.894952224644102,2025-05-25,2024-12-13,8000000.0,15.894952224644102
1010854,2024,16.118095750958314,2025-05-25,2025-03-18,10000000.0,16.118095750958314
1011131,2024,13.815511557963774,2025-05-25,2025-03-18,1000000.0,13.815511557963774
1011147,2024,16.705882371415992,2025-05-25,2025-03-18,15000000.0,16.52356082573315
1012534,2024,17.216707972959764,2025-05-25,2025-03-18,30000000.0,17.216707972959764
1042886,2024,15.424948670398354,2025-05-25,2025-04-29,5000000.0,15.424948670398354
1047261,2024,13.815511557963774,2025-05-25,2025-03-18,1000000.0,13.815511557963774
1063329,2024,15.76142084987672,2025-05-25,2025-03-18,7000000.0,15.76142084987672
1078163,2024,15.424948670398354,2025-05-25,2025-03-18,1500000.0,14.220976332738882
1107733,2024,13.592368256649284,2025-05-25,2024-12-16,500000.0,13.122365377402328
1141628,2024,15.319588176962746,2025-05-25,2024-12-16,4500000.0,15.319588176962746
1193867,2024,15.424948670398354,2025-05-25,2024-12-16,5000000.0,15.424948670398354
3333,2025,13.122365377402328,2026-05-24,2025-12-09,750000.0,13.527829818844937
16306,2025,15.607270193858982,2026-05-24,2025-12-09,8000000.0,15.894952224644102
51471,2025,16.118095750958314,2026-05-24,2026-03-09,12000000.0,16.300417291085605
61651,2025,13.997832948091215,2026-05-24,2025-12-09,2000000.0,14.508658238524095
61841,2025,12.611541086966117,2026-05-24,2025-12-09,500000.0,13.122365377402328
63200,2025,11.918397239722838,2026-05-24,2025-12-09,200000.0,12.206077645517674
67063,2025,14.914123179965662,2026-05-24,2025-12-09,4000000.0,15.201805169084134
68390,2025,12.206077645517674,2026-05-24,2025-12-09,300000.0,12.611541086966115
72476,2025,15.607270193858982,2026-05-24,2025-12-09,8000000.0,15.894952224644102
74960,2025,13.122365377402328,2026-05-24,2025-12-09,750000.0,13.527829818844937
75489,2025,15.068273812173889,2026-05-24,2026-03-24,5000000.0,15.424948670398354
82873,2025,14.731801689838347,2026-05-24,2025-12-19,3500000.0,15.068273812173887
85177,2025,12.611541086966117,2026-05-24,2025-12-09,500000.0,13.122365377402328
85941,2025,15.201805169084134,2026-05-24,2025-12-09,5000000.0,15.424948670398354
95424,2025,14.220976332738882,2026-05-24,2025-12-09,2500000.0,14.731801689838349
95810,2025,14.220976332738882,2026-05-24,2025-12-09,2500000.0,14.731801689838349
99397,2025,12.206077645517674,2026-05-24,2025-12-09,200000.0,12.206077645517674
105470,2025,16.52356082573315,2026-05-24,2025-12-09,17000000.0,16.648723960844016
108725,2025,15.424948670398354,2026-05-24,2026-03-09,6000000.0,15.607270193858982
110864,2025,14.508658238524095,2026-05-24,2026-03-09,3000000.0,14.914123179965662
111195,2025,14.220976332738882,2026-05-24,2025-12-09,2500000.0,14.731801689838349
111455,2025,15.894952224644102,2026-05-24,2025-12-09,10000000.0,16.118095750958314
111873,2025,16.300417291085605,2026-05-24,2025-12-09,15000000.0,16.52356082573315
118534,2025,14.914123179965662,2026-05-24,2025-12-09,4000000.0,15.201805169084134
120629,2025,15.201805169084134,2026-05-24,2026-03-09,5000000.0,15.424948670398354
123275,2025,13.122365377402328,2026-05-24,2025-12-09,750000.0,13.527829818844937
123682,2025,15.201805169084134,2026-05-24,2025-12-09,5000000.0,15.424948670398354
124884,2025,14.220976332738882,2026-05-24,2025-12-09,2500000.0,14.731801689838349
126664,2025,15.607270193858982,2026-05-24,2025-12-09,8000000.0,15.894952224644102
126665,2025,13.122365377402328,2026-05-24,2025-12-09,1000000.0,13.815511557963774
127202,2025,15.068273812173889,2026-05-24,2026-03-09,4000000.0,15.201805169084134
130164,2025,16.380459992348886,2026-05-24,2025-12-09,15000000.0,16.52356082573315
131978,2025,15.201805169084134,2026-05-24,2025-12-09,5000000.0,15.424948670398354
131996,2025,15.201805169084134,2026-05-24,2025-12-09,5000000.0,15.424948670398354
134270,2025,15.201805169084134,2026-05-24,2025-12-09,5000000.0,15.424948670398354
135343,2025,15.201805169084134,2026-05-24,2025-12-09,6000000.0,15.607270193858982
136401,2025,13.592368256649284,2026-05-24,2025-12-09,1000000.0,13.815511557963774
139208,2025,16.52356082573315,2026-05-24,2025-12-09,18000000.0,16.705882371415992
144028,2025,16.705882371415992,2026-05-24,2025-12-09,20000000.0,16.811242881518265
146310,2025,15.201805169084134,2026-05-24,2025-12-09,5000000.0,15.424948670398354
148153,2025,15.068273812173889,2026-05-24,2025-12-09,4000000.0,15.201805169084134
148367,2025,15.424948670398354,2026-05-24,2026-03-09,7000000.0,15.76142084987672
148455,2025,16.906553056777135,2026-05-24,2025-12-09,30000000.0,17.216707972959764
171679,2025,13.815511557963774,2026-05-24,2025-12-09,1500000.0,14.220976332738882
173504,2025,15.424948670398354,2026-05-24,2025-12-09,7000000.0,15.76142084987672
177476,2025,16.300417291085605,2026-05-24,2026-03-09,15000000.0,16.52356082573315
177907,2025,15.894952224644102,2026-05-24,2025-12-09,10000000.0,16.118095750958314
181380,2025,14.508658238524095,2026-05-24,2025-12-09,2500000.0,14.731801689838349
181579,2025,15.424948670398354,2026-05-24,2025-12-09,6000000.0,15.607270193858982
183288,2025,15.894952224644102,2026-05-24,2025-12-09,10000000.0,16.118095750958314
184528,2025,13.527829818844936,2026-05-24,2026-03-09,1000000.0,13.815511557963774
184573,2025,15.424948670398354,2026-05-24,2025-12-09,6000000.0,15.607270193858982
186590,2025,16.300417291085605,2026-05-24,2026-03-09,15000000.0,16.52356082573315
188077,2025,15.894952224644102,2026-05-24,2025-12-09,9000000.0,16.012735246411598
192080,2025,15.424948670398354,2026-05-24,2025-12-09,7000000.0,15.76142084987672
192279,2025,15.424948670398354,2026-05-24,2025-12-09,7000000.0,15.76142084987672
192765,2025,14.914123179965662,2026-05-24,2025-12-09,5000000.0,15.424948670398354
193116,2025,16.380459992348886,2026-05-24,2025-12-09,15000000.0,16.52356082573315
199527,2025,16.300417291085605,2026-05-24,2025-12-09,15000000.0,16.52356082573315
201574,2025,13.815511557963774,2026-05-24,2025-12-09,1500000.0,14.220976332738882
203460,2025,16.811242881518265,2026-05-24,2025-12-09,25000000.0,17.034386422832473
203853,2025,15.894952224644102,2026-05-24,2026-03-11,10000000.0,16.118095750958314
204103,2025,15.607270193858982,2026-05-24,2025-12-09,8000000.0,15.894952224644102
206040,2025,14.914123179965662,2026-05-24,2025-12-09,4000000.0,15.201805169084134
206746,2025,15.894952224644102,2026-05-24,2025-12-09,11000000.0,16.213405921671733
207014,2025,15.424948670398354,2026-05-24,2025-12-09,6000000.0,15.607270193858982
209212,2025,13.815511557963774,2026-05-24,2026-03-09,2000000.0,14.508658238524095
226049,2025,14.914123179965662,2026-05-24,2025-12-09,3000000.0,14.914123179965662
226973,2025,14.508658238524095,2026-05-24,2025-12-09,3000000.0,14.914123179965662
234803,2025,15.76142084987672,2026-05-24,2026-03-09,10000000.0,16.118095750958314
236490,2025,16.705882371415992,2026-05-24,2025-12-09,20000000.0,16.811242881518265
236953,2025,12.899222326086994,2026-05-24,2025-12-09,600000.0,13.304686600863562
240306,2025,17.370858648025116,2026-05-24,2025-12-09,40000000.0,17.50439003707821
240692,2025,15.201805169084134,2026-05-24,2025-12-09,5000000.0,15.424948670398354
241641,2025,16.906553056777135,2026-05-24,2025-12-09,27000000.0,17.11134746100564
242606,2025,15.201805169084134,2026-05-24,2026-03-09,6000000.0,15.607270193858982
242631,2025,16.811242881518265,2026-05-24,2025-12-09,25000000.0,17.034386422832473
245056,2025,16.118095750958314,2026-05-24,2025-12-09,12000000.0,16.300417291085605
249089,2025,16.213405921671733,2026-05-24,2025-12-09,13000000.0,16.380459992348886
249565,2025,17.216707972959764,2026-05-24,2025-12-09,35000000.0,17.370858648025116
249994,2025,15.068273812173889,2026-05-24,2025-12-09,5000000.0,15.424948670398354
250426,2025,15.607270193858982,2026-05-24,2026-03-09,8000000.0,15.894952224644102
251106,2025,15.76142084987672,2026-05-24,2025-12-09,8000000.0,15.894952224644102
253677,2025,14.914123179965662,2026-05-24,2025-12-09,4000000.0,15.201805169084134
256178,2025,16.380459992348886,2026-05-24,2025-12-09,15000000.0,16.52356082573315
257455,2025,16.52356082573315,2026-05-24,2026-03-09,18000000.0,16.705882371415992
258004,2025,17.822843761378564,2026-05-24,2025-12-09,60000000.0,17.909855136853043
258878,2025,16.588099342704055,2026-05-24,2026-03-09,18000000.0,16.705882371415992
258889,2025,17.147715103853763,2026-05-24,2025-12-09,35000000.0,17.370858648025116
258919,2025,17.147715103853763,2026-05-24,2025-12-09,28000000.0,17.147715103853763
260827,2025,16.811242881518265,2026-05-24,2025-12-09,25000000.0,17.034386422832473
262226,2025,15.894952224644102,2026-05-24,2025-12-09,10000000.0,16.118095750958314
262749,2025,17.216707972959764,2026-05-24,2025-12-09,35000000.0,17.370858648025116
262980,2025,15.607270193858982,2026-05-24,2025-12-09,8000000.0,15.894952224644102
263236,2025,16.811242881518265,2026-05-24,2026-03-09,20000000.0,16.811242881518265
270171,2025,16.588099342704055,2026-05-24,2025-12-09,18000000.0,16.705882371415992
272622,2025,15.894952224644102,2026-05-24,2025-12-09,10000000.0,16.118095750958314
277033,2025,16.300417291085605,2026-05-24,2026-03-09,14000000.0,16.454567959008102
279455,2025,17.034386422832473,2026-05-24,2026-03-09,25000000.0,17.034386422832473
282939,2025,13.45883704259595,2026-05-24,2026-03-09,1000000.0,13.815511557963774
283628,2025,16.118095750958314,2026-05-24,2025-12-09,12000000.0,16.300417291085605
284857,2025,17.72753358339242,2026-05-24,2025-12-09,50000000.0,17.72753358339242
286047,2025,16.705882371415992,2026-05-24,2026-03-09,23000000.0,16.951004817371683
292246,2025,15.607270193858982,2026-05-24,2026-03-09,8000000.0,15.894952224644102
293194,2025,14.914123179965662,2026-05-24,2025-12-09,4000000.0,15.201805169084134
293281,2025,15.201805169084134,2026-05-24,2025-12-09,5000000.0,15.424948670398354
294057,2025,16.811242881518265,2026-05-24,2026-03-09,25000000.0,17.034386422832473
295313,2025,15.894952224644102,2026-05-24,2026-03-09,9000000.0,16.012735246411598
296802,2025,15.201805169084134,2026-05-24,2025-12-09,5000000.0,15.424948670398354
297212,2025,16.705882371415992,2026-05-24,2026-03-09,15000000.0,16.52356082573315
306024,2025,16.906553056777135,2026-05-24,2026-03-09,22000000.0,16.906553056777135
309400,2025,17.822843761378564,2026-05-24,2026-03-09,50000000.0,17.72753358339242
314241,2025,14.220976332738882,2026-05-24,2025-12-09,2000000.0,14.508658238524095
314288,2025,16.118095750958314,2026-05-24,2026-03-09,10000000.0,16.118095750958314
314367,2025,15.607270193858982,2026-05-24,2025-12-09,8000000.0,15.894952224644102
314875,2025,17.216707972959764,2026-05-24,2025-12-09,35000000.0,17.370858648025116
315858,2025,17.622173069956816,2026-05-24,2025-12-09,45000000.0,17.622173069956816
316264,2025,17.989897843244528,2026-05-24,2026-03-09,65000000.0,17.989897843244528
318508,2025,16.52356082573315,2026-05-24,2026-03-09,15000000.0,16.52356082573315
319301,2025,16.118095750958314,2026-05-24,2026-03-09,12000000.0,16.300417291085605
319859,2025,16.118095750958314,2026-05-24,2025-12-09,12000000.0,16.300417291085605
321247,2025,16.588099342704055,2026-05-24,2025-12-09,18000000.0,16.705882371415992
324358,2025,17.034386422832473,2026-05-24,2025-12-09,30000000.0,17.216707972959764
325443,2025,17.989897843244528,2026-05-24,2026-03-09,65000000.0,17.989897843244528
326029,2025,17.622173069956816,2026-05-24,2026-03-24,35000000.0,17.370858648025116
326031,2025,17.216707972959764,2026-05-24,2025-12-09,40000000.0,17.50439003707821
328658,2025,16.705882371415992,2026-05-24,2026-03-09,18000000.0,16.705882371415992
330659,2025,17.034386422832473,2026-05-24,2026-03-09,30000000.0,17.216707972959764
331726,2025,16.705882371415992,2026-05-24,2026-03-09,20000000.0,16.811242881518265
332705,2025,17.034386422832473,2026-05-24,2025-12-09,25000000.0,17.034386422832473
333014,2025,17.034386422832473,2026-05-24,2025-12-09,25000000.0,17.034386422832473
333241,2025,17.034386422832473,2026-05-24,2025-12-09,30000000.0,17.216707972959764
335721,2025,17.216707972959764,2026-05-24,2025-12-09,30000000.0,17.216707972959764
336077,2025,15.424948670398354,2026-05-24,2025-12-09,7000000.0,15.76142084987672
338424,2025,17.034386422832473,2026-05-24,2025-12-09,30000000.0,17.216707972959764
338629,2025,15.894952224644102,2026-05-24,2026-03-09,8000000.0,15.894952224644102
339340,2025,15.201805169084134,2026-05-24,2025-12-09,5000000.0,15.424948670398354
339556,2025,16.380459992348886,2026-05-24,2025-12-09,15000000.0,16.52356082573315
340321,2025,14.220976332738882,2026-05-24,2026-03-09,2000000.0,14.508658238524095
340324,2025,16.118095750958314,2026-05-24,2026-03-09,14000000.0,16.454567959008102
340325,2025,15.894952224644102,2026-05-24,2026-03-09,12000000.0,16.300417291085605
340329,2025,16.454567959008102,2026-05-24,2025-12-09,16000000.0,16.588099342704055
340456,2025,16.705882371415992,2026-05-24,2026-03-09,20000000.0,16.811242881518265
340918,2025,17.147715103853763,2026-05-24,2026-03-09,25000000.0,17.034386422832473
341051,2025,16.300417291085605,2026-05-24,2025-12-09,13000000.0,16.380459992348886
341092,2025,16.380459992348886,2026-05-24,2026-03-09,15000000.0,16.52356082573315
342046,2025,15.424948670398354,2026-05-24,2025-12-09,5000000.0,15.424948670398354
342385,2025,15.201805169084134,2026-05-24,2026-03-16,5000000.0,15.424948670398354
344069,2025,17.147715103853763,2026-05-24,2026-03-09,25000000.0,17.034386422832473
344152,2025,16.300417291085605,2026-05-24,2026-03-27,12000000.0,16.300417291085605
345911,2025,16.906553056777135,2026-05-24,2025-12-09,22000000.0,16.906553056777135
346314,2025,17.50439003707821,2026-05-24,2026-03-09,40000000.0,17.50439003707821
346483,2025,17.034386422832473,2026-05-24,2026-03-09,30000000.0,17.216707972959764
346707,2025,16.52356082573315,2026-05-24,2026-03-09,16000000.0,16.588099342704055
346890,2025,17.034386422832473,2026-05-24,2025-12-09,18000000.0,16.705882371415992
348026,2025,16.588099342704055,2026-05-24,2026-03-09,18000000.0,16.705882371415992
349066,2025,18.258161826219297,2026-05-24,2026-03-09,100000000.0,18.420680753952364
349701,2025,16.906553056777135,2026-05-24,2026-03-09,25000000.0,17.034386422832473
352041,2025,16.118095750958314,2026-05-24,2026-03-09,13000000.0,16.380459992348886
353032,2025,16.380459992348886,2026-05-24,2026-03-09,15000000.0,16.52356082573315
354362,2025,16.811242881518265,2026-05-24,2026-03-09,22000000.0,16.906553056777135
355915,2025,17.622173069956816,2026-05-24,2026-03-09,50000000.0,17.72753358339242
356141,2025,16.118095750958314,2026-05-24,2025-12-09,12000000.0,16.300417291085605
357119,2025,17.622173069956816,2026-05-24,2025-12-09,50000000.0,17.72753358339242
357147,2025,17.216707972959764,2026-05-24,2026-03-09,30000000.0,17.216707972959764
357162,2025,16.588099342704055,2026-05-24,2026-03-09,20000000.0,16.811242881518265
357565,2025,17.72753358339242,2026-05-24,2026-03-09,65000000.0,17.989897843244528
357662,2025,18.603002309079653,2026-05-24,2025-12-09,120000000.0,18.603002309079653
361093,2025,17.370858648025116,2026-05-24,2025-12-09,35000000.0,17.370858648025116
361914,2025,16.52356082573315,2026-05-24,2026-03-27,20000000.0,16.811242881518265
362108,2025,16.811242881518265,2026-05-24,2026-03-09,20000000.0,16.811242881518265
363205,2025,16.648723960844016,2026-05-24,2025-12-09,20000000.0,16.811242881518265
365108,2025,17.281246492014,2026-05-24,2026-03-09,35000000.0,17.370858648025116
369316,2025,17.370858648025116,2026-05-24,2026-03-09,30000000.0,17.216707972959764
369567,2025,15.201805169084134,2026-05-24,2025-12-22,2000000.0,14.508658238524095
369962,2025,16.118095750958314,2026-05-24,2026-03-09,13000000.0,16.380459992348886
371851,2025,16.811242881518265,2026-05-24,2025-12-09,18000000.0,16.705882371415992
375885,2025,16.811242881518265,2026-05-24,2025-12-09,22000000.0,16.906553056777135
378710,2025,17.034386422832473,2026-05-24,2025-12-09,28000000.0,17.147715103853763
380350,2025,16.118095750958314,2026-05-24,2026-03-09,12000000.0,16.300417291085605
381753,2025,16.300417291085605,2026-05-24,2026-03-09,12000000.0,16.300417291085605
381963,2025,14.508658238524095,2026-05-24,2026-03-09,3000000.0,14.914123179965662
386047,2025,16.52356082573315,2026-05-24,2025-12-09,15000000.0,16.52356082573315
387626,2025,16.454567959008102,2026-05-24,2026-03-09,16000000.0,16.588099342704055
388165,2025,17.034386422832473,2026-05-24,2026-03-09,30000000.0,17.216707972959764
391065,2025,16.52356082573315,2026-05-24,2025-12-15,15000000.0,16.52356082573315
392179,2025,15.424948670398354,2026-05-24,2025-12-09,6000000.0,15.607270193858982
392757,2025,18.064005814299342,2026-05-24,2026-03-09,65000000.0,17.989897843244528
392765,2025,16.811242881518265,2026-05-24,2025-12-09,22000000.0,16.906553056777135
392768,2025,17.216707972959764,2026-05-24,2025-12-09,30000000.0,17.216707972959764
392770,2025,16.118095750958314,2026-05-24,2026-03-09,12000000.0,16.300417291085605
392771,2025,17.216707972959764,2026-05-24,2026-03-09,25000000.0,17.034386422832473
392775,2025,16.906553056777135,2026-05-24,2025-12-09,20000000.0,16.811242881518265
393323,2025,16.906553056777135,2026-05-24,2026-03-09,18000000.0,16.705882371415992
394327,2025,17.50439003707821,2026-05-24,2025-12-09,40000000.0,17.50439003707821
397033,2025,18.197537205138158,2026-05-24,2026-03-09,80000000.0,18.197537205138154
398065,2025,17.281246492014,2026-05-24,2025-12-09,32000000.0,17.281246492014
399434,2025,17.034386422832473,2026-05-24,2026-03-09,23000000.0,16.951004817371683
399776,2025,16.811242881518265,2026-05-24,2026-03-09,22000000.0,16.906553056777135
400536,2025,16.52356082573315,2026-05-24,2025-12-09,15000000.0,16.52356082573315
401173,2025,16.705882371415992,2026-05-24,2025-12-09,20000000.0,16.811242881518265
401922,2025,16.705882371415992,2026-05-24,2026-03-09,15000000.0,16.52356082573315
403151,2025,16.906553056777135,2026-05-24,2025-12-09,22000000.0,16.906553056777135
404842,2025,17.034386422832473,2026-05-24,2025-12-09,25000000.0,17.034386422832473
406634,2025,16.705882371415992,2026-05-24,2025-12-15,20000000.0,16.811242881518265
406635,2025,18.064005814299342,2026-05-24,2025-12-09,80000000.0,18.197537205138154
410225,2025,17.50439003707821,2026-05-24,2025-12-09,35000000.0,17.370858648025116
410425,2025,16.118095750958314,2026-05-24,2026-03-09,12000000.0,16.300417291085605
410708,2025,16.906553056777135,2026-05-24,2026-03-09,22000000.0,16.906553056777135
411537,2025,16.300417291085605,2026-05-24,2026-03-09,12000000.0,16.300417291085605
413039,2025,18.13299868483392,2026-05-24,2026-03-09,80000000.0,18.197537205138154
413220,2025,16.300417291085605,2026-05-24,2025-12-09,12000000.0,16.300417291085605
413403,2025,17.50439003707821,2026-05-24,2026-03-09,40000000.0,17.50439003707821
413507,2025,17.147715103853763,2026-05-24,2025-12-09,30000000.0,17.216707972959764
414908,2025,16.52356082573315,2026-05-24,2025-12-09,12000000.0,16.300417291085605
415381,2025,17.034386422832473,2026-05-24,2025-12-09,25000000.0,17.034386422832473
415912,2025,16.705882371415992,2026-05-24,2025-12-09,15000000.0,16.52356082573315
415970,2025,14.508658238524095,2026-05-24,2026-03-09,3000000.0,14.914123179965662
417346,2025,15.687312888712007,2026-05-24,2026-03-24,8000000.0,15.894952224644102
418560,2025,19.11382792951231,2026-05-24,2025-12-09,200000000.0,19.11382792951231
420002,2025,17.216707972959764,2026-05-24,2026-03-09,35000000.0,17.370858648025116
420210,2025,16.811242881518265,2026-05-24,2025-12-09,20000000.0,16.811242881518265
420243,2025,18.064005814299342,2026-05-24,2025-12-09,70000000.0,18.064005814299346
421637,2025,15.894952224644102,2026-05-24,2025-12-09,7000000.0,15.76142084987672
423440,2025,18.13299868483392,2026-05-24,2026-03-09,80000000.0,18.197537205138154
424015,2025,16.118095750958314,2026-05-24,2025-12-09,10000000.0,16.118095750958314
425334,2025,16.906553056777135,2026-05-24,2025-12-09,22000000.0,16.906553056777135
425902,2025,15.76142084987672,2026-05-24,2026-03-09,8000000.0,15.894952224644102
427568,2025,16.300417291085605,2026-05-24,2025-12-09,12000000.0,16.300417291085605
429014,2025,18.064005814299342,2026-05-24,2026-03-09,60000000.0,17.909855136853043
429915,2025,16.906553056777135,2026-05-24,2025-12-09,22000000.0,16.906553056777135
429983,2025,17.50439003707821,2026-05-24,2026-03-09,45000000.0,17.622173069956816
432164,2025,17.034386422832473,2026-05-24,2026-03-09,22000000.0,16.906553056777135
432914,2025,15.424948670398354,2026-05-24,2025-12-09,7000000.0,15.76142084987672
433177,2025,18.5159909328476,2026-05-24,2026-03-09,120000000.0,18.603002309079653
433188,2025,17.370858648025116,2026-05-24,2026-03-09,35000000.0,17.370858648025116
434224,2025,17.72753358339242,2026-05-24,2026-03-09,40000000.0,17.50439003707821
434675,2025,17.909855136853043,2026-05-24,2026-03-09,65000000.0,17.989897843244528
435338,2025,18.13299868483392,2026-05-24,2025-12-09,75000000.0,18.132998684833918
435648,2025,16.811242881518265,2026-05-24,2026-03-09,22000000.0,16.906553056777135
438001,2025,16.118095750958314,2026-05-24,2025-12-09,10000000.0,16.118095750958314
442248,2025,14.914123179965662,2026-05-24,2025-12-09,4000000.0,15.201805169084134
444523,2025,17.281246492014,2026-05-24,2025-12-09,35000000.0,17.370858648025116
445939,2025,17.72753358339242,2026-05-24,2026-03-09,60000000.0,17.909855136853043
447661,2025,16.705882371415992,2026-05-24,2026-03-09,20000000.0,16.811242881518265
450050,2025,16.588099342704055,2026-05-24,2025-12-09,16000000.0,16.588099342704055
451276,2025,18.420680753952364,2026-05-24,2026-03-09,100000000.0,18.420680753952364
455661,2025,17.822843761378564,2026-05-24,2026-03-09,65000000.0,17.989897843244528
460939,2025,17.72753358339242,2026-05-24,2026-03-09,60000000.0,17.909855136853043
461883,2025,17.147715103853763,2026-05-24,2025-12-09,28000000.0,17.147715103853763
463603,2025,16.52356082573315,2026-05-24,2025-12-09,18000000.0,16.705882371415992
463605,2025,17.034386422832473,2026-05-24,2026-03-09,30000000.0,17.216707972959764
465555,2025,17.147715103853763,2026-05-24,2025-12-09,28000000.0,17.147715103853763
465717,2025,16.52356082573315,2026-05-24,2026-03-09,12000000.0,16.300417291085605
466805,2025,17.50439003707821,2026-05-24,2025-12-09,45000000.0,17.622173069956816
467623,2025,15.894952224644102,2026-05-24,2025-12-09,10000000.0,16.118095750958314
469050,2025,17.216707972959764,2026-05-24,2026-03-09,30000000.0,17.216707972959764
469781,2025,17.034386422832473,2026-05-24,2025-12-09,22000000.0,16.906553056777135
470607,2025,17.216707972959764,2026-05-24,2025-12-09,35000000.0,17.370858648025116
472423,2025,17.909855136853043,2026-05-24,2026-03-09,60000000.0,17.909855136853043
473050,2025,17.370858648025116,2026-05-24,2025-12-09,35000000.0,17.370858648025116
473169,2025,17.216707972959764,2026-05-24,2026-03-09,25000000.0,17.034386422832473
474701,2025,17.370858648025116,2026-05-24,2026-03-09,30000000.0,17.216707972959764
475188,2025,17.370858648025116,2026-05-24,2026-03-09,32000000.0,17.281246492014
475411,2025,17.147715103853763,2026-05-24,2025-12-09,28000000.0,17.147715103853763
475959,2025,18.064005814299342,2026-05-24,2025-12-09,70000000.0,18.064005814299346
476701,2025,17.034386422832473,2026-05-24,2025-12-09,30000000.0,17.216707972959764
477758,2025,16.52356082573315,2026-05-24,2025-12-09,22000000.0,16.906553056777135
478573,2025,18.197537205138158,2026-05-24,2025-12-09,90000000.0,18.31532023940565
479999,2025,17.989897843244528,2026-05-24,2026-03-09,60000000.0,17.909855136853043
480762,2025,17.50439003707821,2026-05-24,2026-03-09,40000000.0,17.50439003707821
483348,2025,17.216707972959764,2026-05-24,2026-03-09,30000000.0,17.216707972959764
484547,2025,17.370858648025116,2026-05-24,2026-03-09,35000000.0,17.370858648025116
485583,2025,15.068273812173889,2026-05-24,2025-12-09,5000000.0,15.424948670398354
485585,2025,17.216707972959764,2026-05-24,2026-03-09,30000000.0,17.216707972959764
485706,2025,17.622173069956816,2026-05-24,2026-03-09,45000000.0,17.622173069956816
486049,2025,18.13299868483392,2026-05-24,2025-12-09,65000000.0,17.989897843244528
487465,2025,17.909855136853043,2026-05-24,2025-12-09,60000000.0,17.909855136853043
487969,2025,16.811242881518265,2026-05-24,2026-03-09,22000000.0,16.906553056777135
488362,2025,17.281246492014,2026-05-24,2025-12-12,35000000.0,17.370858648025116
488935,2025,14.731801689838347,2026-05-24,2025-12-09,2500000.0,14.731801689838349
489359,2025,16.380459992348886,2026-05-24,2025-12-09,10000000.0,16.118095750958314
493003,2025,16.906553056777135,2026-05-24,2025-12-09,27000000.0,17.11134746100564
494237,2025,16.705882371415992,2026-05-24,2025-12-09,18000000.0,16.705882371415992
494880,2025,15.894952224644102,2026-05-24,2026-03-09,8000000.0,15.894952224644102
495666,2025,18.420680753952364,2026-05-24,2025-12-09,90000000.0,18.31532023940565
497291,2025,16.52356082573315,2026-05-24,2025-12-09,16000000.0,16.588099342704055
500689,2025,17.034386422832473,2026-05-24,2025-12-09,28000000.0,17.147715103853763
502676,2025,17.147715103853763,2026-05-24,2025-12-09,28000000.0,17.147715103853763
502821,2025,17.822843761378564,2026-05-24,2025-12-09,50000000.0,17.72753358339242
503680,2025,17.147715103853763,2026-05-24,2025-12-09,25000000.0,17.034386422832473
503686,2025,16.811242881518265,2026-05-24,2026-03-09,20000000.0,16.811242881518265
503733,2025,17.989897843244528,2026-05-24,2025-12-09,60000000.0,17.909855136853043
503743,2025,18.31532023940565,2026-05-24,2026-03-09,80000000.0,18.197537205138154
503749,2025,17.370858648025116,2026-05-24,2025-12-09,35000000.0,17.370858648025116
503883,2025,17.370858648025116,2026-05-24,2026-03-09,30000000.0,17.216707972959764
503981,2025,17.622173069956816,2026-05-24,2025-12-09,40000000.0,17.50439003707821
503987,2025,17.72753358339242,2026-05-24,2025-12-09,50000000.0,17.72753358339242
504849,2025,16.906553056777135,2026-05-24,2026-03-09,25000000.0,17.034386422832473
505219,2025,17.622173069956816,2026-05-24,2026-03-09,35000000.0,17.370858648025116
514285,2025,16.588099342704055,2026-05-24,2025-12-09,18000000.0,16.705882371415992
515544,2025,16.906553056777135,2026-05-24,2026-03-09,22000000.0,16.906553056777135
517894,2025,18.13299868483392,2026-05-24,2025-12-09,70000000.0,18.064005814299346
520624,2025,18.064005814299342,2026-05-24,2025-12-09,75000000.0,18.132998684833918
521964,2025,17.622173069956816,2026-05-24,2026-03-09,45000000.0,17.622173069956816
522784,2025,17.147715103853763,2026-05-24,2026-03-09,28000000.0,17.147715103853763
524285,2025,15.894952224644102,2026-05-24,2025-12-19,6000000.0,15.607270193858982
525247,2025,16.380459992348886,2026-05-24,2026-03-09,16000000.0,16.588099342704055
532776,2025,16.811242881518265,2026-05-24,2025-12-09,20000000.0,16.811242881518265
534033,2025,18.064005814299342,2026-05-24,2026-03-09,80000000.0,18.197537205138154
536835,2025,17.622173069956816,2026-05-24,2025-12-09,50000000.0,17.72753358339242
538977,2025,17.216707972959764,2026-05-24,2026-03-09,30000000.0,17.216707972959764
540664,2025,17.147715103853763,2026-05-24,2026-03-09,28000000.0,17.147715103853763
540941,2025,17.216707972959764,2026-05-24,2025-12-09,30000000.0,17.216707972959764
541231,2025,17.281246492014,2026-05-24,2026-03-09,32000000.0,17.281246492014
543499,2025,17.72753358339242,2026-05-24,2025-12-09,55000000.0,17.822843761378564
548729,2025,15.76142084987672,2026-05-24,2025-12-09,9000000.0,16.012735246411598
553875,2025,17.370858648025116,2026-05-24,2025-12-09,40000000.0,17.50439003707821
556385,2025,17.216707972959764,2026-05-24,2026-03-09,35000000.0,17.370858648025116
557459,2025,17.72753358339242,2026-05-24,2025-12-09,65000000.0,17.989897843244528
559263,2025,15.894952224644102,2026-05-24,2026-03-09,10000000.0,16.118095750958314
565093,2025,17.50439003707821,2026-05-24,2026-03-09,40000000.0,17.50439003707821
565822,2025,16.811242881518265,2026-05-24,2026-03-09,22000000.0,16.906553056777135
566799,2025,17.034386422832473,2026-05-24,2025-12-09,25000000.0,17.034386422832473
566931,2025,17.50439003707821,2026-05-24,2026-03-09,50000000.0,17.72753358339242
567576,2025,18.13299868483392,2026-05-24,2025-12-09,60000000.0,17.909855136853043
568006,2025,15.607270193858982,2026-05-24,2025-12-09,8000000.0,15.894952224644102
568157,2025,17.216707972959764,2026-05-24,2025-12-09,35000000.0,17.370858648025116
568177,2025,18.420680753952364,2026-05-24,2026-03-09,110000000.0,18.5159909328476
568559,2025,16.588099342704055,2026-05-24,2026-03-09,20000000.0,16.811242881518265
568693,2025,17.216707972959764,2026-05-24,2026-03-09,32000000.0,17.281246492014
571743,2025,15.424948670398354,2026-05-24,2026-03-09,8000000.0,15.894952224644102
572265,2025,16.811242881518265,2026-05-24,2025-12-23,25000000.0,17.034386422832473
576314,2025,17.622173069956816,2026-05-24,2025-12-09,35000000.0,17.370858648025116
578391,2025,17.50439003707821,2026-05-24,2025-12-09,40000000.0,17.50439003707821
578539,2025,17.147715103853763,2026-05-24,2025-12-09,25000000.0,17.034386422832473
583189,2025,17.281246492014,2026-05-24,2026-03-09,40000000.0,17.50439003707821
583199,2025,16.705882371415992,2026-05-24,2026-03-09,20000000.0,16.811242881518265
583255,2025,18.197537205138158,2026-05-24,2026-03-09,75000000.0,18.132998684833918
584769,2025,16.705882371415992,2026-05-24,2025-12-09,20000000.0,16.811242881518265
585323,2025,16.52356082573315,2026-05-24,2025-12-09,15000000.0,16.52356082573315
585959,2025,17.034386422832473,2026-05-24,2025-12-09,25000000.0,17.034386422832473
588989,2025,16.52356082573315,2026-05-24,2025-12-09,15000000.0,16.52356082573315
591949,2025,16.588099342704055,2026-05-24,2025-12-09,16000000.0,16.588099342704055
595809,2025,16.705882371415992,2026-05-24,2025-12-09,20000000.0,16.811242881518265
598577,2025,18.420680753952364,2026-05-24,2025-12-09,110000000.0,18.5159909328476
601883,2025,17.72753358339242,2026-05-24,2026-03-09,45000000.0,17.622173069956816
605184,2025,16.906553056777135,2026-05-24,2025-12-09,23000000.0,16.951004817371683
605426,2025,14.914123179965662,2026-05-24,2026-03-09,3000000.0,14.914123179965662
606718,2025,16.705882371415992,2026-05-24,2026-03-09,20000000.0,16.811242881518265
607223,2025,18.31532023940565,2026-05-24,2026-03-09,65000000.0,17.989897843244528
607224,2025,16.52356082573315,2026-05-24,2026-03-09,16000000.0,16.588099342704055
607226,2025,16.380459992348886,2026-05-24,2025-12-09,15000000.0,16.52356082573315
608832,2025,16.588099342704055,2026-05-24,2025-12-09,16000000.0,16.588099342704055
609556,2025,17.147715103853763,2026-05-24,2025-12-09,15000000.0,16.52356082573315
610849,2025,17.147715103853763,2026-05-24,2026-03-09,32000000.0,17.281246492014
611793,2025,16.951004817371683,2026-05-24,2026-03-09,15000000.0,16.52356082573315
612517,2025,16.300417291085605,2026-05-24,2026-03-09,15000000.0,16.52356082573315
614258,2025,17.72753358339242,2026-05-24,2025-12-09,50000000.0,17.72753358339242
617755,2025,15.424948670398354,2026-05-24,2025-12-19,5000000.0,15.424948670398354
620322,2025,17.370858648025116,2026-05-24,2025-12-09,35000000.0,17.370858648025116
623570,2025,17.822843761378564,2026-05-24,2026-03-09,50000000.0,17.72753358339242
624258,2025,17.034386422832473,2026-05-24,2025-12-09,30000000.0,17.216707972959764
626724,2025,18.197537205138158,2026-05-24,2026-03-09,75000000.0,18.132998684833918
627442,2025,18.13299868483392,2026-05-24,2026-03-09,65000000.0,17.989897843244528
627626,2025,16.588099342704055,2026-05-24,2026-03-09,18000000.0,16.705882371415992
628451,2025,16.906553056777135,2026-05-24,2026-03-09,25000000.0,17.034386422832473
633992,2025,17.147715103853763,2026-05-24,2026-03-09,25000000.0,17.034386422832473
644401,2025,17.034386422832473,2026-05-24,2026-03-09,25000000.0,17.034386422832473
645686,2025,16.705882371415992,2026-05-24,2026-03-09,15000000.0,16.52356082573315
646750,2025,17.50439003707821,2026-05-24,2025-12-09,35000000.0,17.370858648025116
646991,2025,17.147715103853763,2026-05-24,2026-03-09,25000000.0,17.034386422832473
648195,2025,18.31532023940565,2026-05-24,2026-03-09,90000000.0,18.31532023940565
654539,2025,17.216707972959764,2026-05-24,2026-03-09,25000000.0,17.034386422832473
655488,2025,17.622173069956816,2026-05-24,2025-12-09,45000000.0,17.622173069956816
658536,2025,16.906553056777135,2026-05-24,2026-03-27,25000000.0,17.034386422832473
659813,2025,17.72753358339242,2026-05-24,2025-12-09,50000000.0,17.72753358339242
660860,2025,16.705882371415992,2026-05-24,2025-12-09,10000000.0,16.118095750958314
661053,2025,17.50439003707821,2026-05-24,2025-12-09,45000000.0,17.622173069956816
661207,2025,17.147715103853763,2026-05-24,2026-03-09,30000000.0,17.216707972959764
661427,2025,15.894952224644102,2026-05-24,2025-12-09,10000000.0,16.118095750958314
667121,2025,16.52356082573315,2026-05-24,2025-12-09,15000000.0,16.52356082573315
667287,2025,17.370858648025116,2026-05-24,2025-12-09,30000000.0,17.216707972959764
670717,2025,16.52356082573315,2026-05-24,2026-03-09,17000000.0,16.648723960844016
670858,2025,17.50439003707821,2026-05-24,2026-03-09,35000000.0,17.370858648025116
670882,2025,17.216707972959764,2026-05-24,2026-03-09,35000000.0,17.370858648025116
673492,2025,16.454567959008102,2026-05-24,2025-12-09,14000000.0,16.454567959008102
683571,2025,16.811242881518265,2026-05-24,2025-12-09,22000000.0,16.906553056777135
683620,2025,16.52356082573315,2026-05-24,2025-12-09,20000000.0,16.811242881518265
684210,2025,16.811242881518265,2026-05-24,2026-03-09,18000000.0,16.705882371415992
687626,2025,18.420680753952364,2026-05-24,2025-12-09,110000000.0,18.5159909328476
689637,2025,16.52356082573315,2026-05-24,2025-12-09,12000000.0,16.300417291085605
696181,2025,15.76142084987672,2026-05-24,2026-03-09,8000000.0,15.894952224644102
696589,2025,16.705882371415992,2026-05-24,2026-03-09,15000000.0,16.52356082573315
698164,2025,16.118095750958314,2026-05-24,2026-03-09,10000000.0,16.118095750958314
698678,2025,16.300417291085605,2026-05-24,2026-03-09,12000000.0,16.300417291085605
700106,2025,17.147715103853763,2026-05-24,2025-12-09,28000000.0,17.147715103853763
701057,2025,17.147715103853763,2026-05-24,2026-03-09,32000000.0,17.281246492014
708072,2025,16.52356082573315,2026-05-24,2026-03-09,18000000.0,16.705882371415992
709726,2025,18.197537205138158,2026-05-24,2026-03-09,90000000.0,18.31532023940565
711337,2025,17.370858648025116,2026-05-24,2026-03-09,35000000.0,17.370858648025116
711544,2025,16.705882371415992,2026-05-24,2026-03-09,18000000.0,16.705882371415992
711999,2025,16.906553056777135,2026-05-24,2025-12-09,25000000.0,17.034386422832473
716276,2025,16.300417291085605,2026-05-24,2026-03-09,12000000.0,16.300417291085605
717411,2025,17.281246492014,2026-05-24,2026-03-09,30000000.0,17.216707972959764
719673,2025,16.52356082573315,2026-05-24,2026-03-09,16000000.0,16.588099342704055
725912,2025,16.52356082573315,2026-05-24,2025-12-09,13000000.0,16.380459992348886
727089,2025,17.370858648025116,2026-05-24,2026-03-09,30000000.0,17.216707972959764
730861,2025,17.370858648025116,2026-05-24,2025-12-09,40000000.0,17.50439003707821
730893,2025,17.034386422832473,2026-05-24,2025-12-09,25000000.0,17.034386422832473
735570,2025,17.50439003707821,2026-05-24,2026-03-09,35000000.0,17.370858648025116
735571,2025,16.811242881518265,2026-05-24,2025-12-09,25000000.0,17.034386422832473
739443,2025,17.989897843244528,2026-05-24,2026-03-09,50000000.0,17.72753358339242
741238,2025,17.216707972959764,2026-05-24,2025-12-09,30000000.0,17.216707972959764
741257,2025,16.906553056777135,2026-05-24,2026-03-09,22000000.0,16.906553056777135
743384,2025,17.034386422832473,2026-05-24,2026-03-09,25000000.0,17.034386422832473
743413,2025,18.064005814299342,2026-05-24,2026-03-09,50000000.0,17.72753358339242
743498,2025,16.705882371415992,2026-05-24,2026-03-09,20000000.0,16.811242881518265
743591,2025,17.370858648025116,2026-05-24,2026-03-09,40000000.0,17.50439003707821
743600,2025,17.50439003707821,2026-05-24,2026-03-09,45000000.0,17.622173069956816
744149,2025,18.064005814299342,2026-05-24,2025-12-09,60000000.0,17.909855136853043
745181,2025,16.648723960844016,2026-05-24,2025-12-09,17000000.0,16.648723960844016
747009,2025,16.300417291085605,2026-05-24,2026-03-09,12000000.0,16.300417291085605
748319,2025,16.52356082573315,2026-05-24,2025-12-09,15000000.0,16.52356082573315
763079,2025,17.72753358339242,2026-05-24,2025-12-09,35000000.0,17.370858648025116
800176,2025,17.034386422832473,2026-05-24,2026-03-09,25000000.0,17.034386422832473
801734,2025,16.906553056777135,2026-05-24,2026-03-09,25000000.0,17.034386422832473
811779,2025,17.147715103853763,2026-05-24,2026-03-09,40000000.0,17.50439003707821
817665,2025,16.705882371415992,2026-05-24,2026-03-09,18000000.0,16.705882371415992
820374,2025,18.064005814299342,2026-05-24,2026-03-09,50000000.0,17.72753358339242
823231,2025,17.370858648025116,2026-05-24,2025-12-09,35000000.0,17.370858648025116
823486,2025,17.50439003707821,2026-05-24,2026-03-09,35000000.0,17.370858648025116
829299,2025,15.201805169084134,2026-05-24,2025-12-09,4000000.0,15.201805169084134
842341,2025,17.147715103853763,2026-05-24,2025-12-09,25000000.0,17.034386422832473
843595,2025,15.894952224644102,2026-05-24,2026-03-09,8000000.0,15.894952224644102
848509,2025,16.300417291085605,2026-05-24,2025-12-09,12000000.0,16.300417291085605
855256,2025,17.72753358339242,2026-05-24,2026-03-09,40000000.0,17.50439003707821
860078,2025,12.206077645517674,2026-05-24,2025-12-09,200000.0,12.206077645517674
866246,2025,17.370858648025116,2026-05-24,2025-12-09,40000000.0,17.50439003707821
866655,2025,16.648723960844016,2026-05-24,2026-03-09,22000000.0,16.906553056777135
867688,2025,17.147715103853763,2026-05-24,2025-12-09,22000000.0,16.906553056777135
876631,2025,17.370858648025116,2026-05-24,2025-12-09,32000000.0,17.281246492014
880245,2025,17.72753358339242,2026-05-24,2026-03-09,35000000.0,17.370858648025116
890719,2025,17.370858648025116,2026-05-24,2025-12-09,40000000.0,17.50439003707821
890721,2025,17.622173069956816,2026-05-24,2026-03-09,35000000.0,17.370858648025116
900195,2025,17.034386422832473,2026-05-24,2025-12-09,30000000.0,17.216707972959764
900601,2025,14.220976332738882,2026-05-24,2026-03-09,1500000.0,14.220976332738882
903611,2025,16.648723960844016,2026-05-24,2026-03-09,17000000.0,16.648723960844016
904802,2025,17.50439003707821,2026-05-24,2025-12-09,35000000.0,17.370858648025116
910905,2025,16.906553056777135,2026-05-24,2025-12-15,25000000.0,17.034386422832473
911424,2025,14.914123179965662,2026-05-24,2025-12-09,3000000.0,14.914123179965662
922563,2025,16.118095750958314,2026-05-24,2026-03-09,10000000.0,16.118095750958314
922693,2025,17.370858648025116,2026-05-24,2025-12-09,35000000.0,17.370858648025116
922769,2025,17.034386422832473,2026-05-24,2026-03-09,25000000.0,17.034386422832473
923831,2025,17.72753358339242,2026-05-24,2026-03-09,50000000.0,17.72753358339242
926952,2025,17.370858648025116,2026-05-24,2026-03-09,35000000.0,17.370858648025116
927768,2025,15.201805169084134,2026-05-24,2025-12-09,5000000.0,15.424948670398354
933017,2025,15.201805169084134,2026-05-24,2026-03-09,3000000.0,14.914123179965662
933018,2025,15.76142084987672,2026-05-24,2025-12-09,10000000.0,16.118095750958314
936874,2025,16.811242881518265,2026-05-24,2025-12-09,22000000.0,16.906553056777135
937941,2025,17.216707972959764,2026-05-24,2025-12-09,30000000.0,17.216707972959764
938158,2025,16.300417291085605,2026-05-24,2025-12-09,12000000.0,16.300417291085605
947411,2025,17.034386422832473,2026-05-24,2025-12-09,25000000.0,17.034386422832473
950091,2025,16.705882371415992,2026-05-24,2026-03-09,20000000.0,16.811242881518265
953135,2025,14.508658238524095,2026-05-24,2025-12-09,2000000.0,14.508658238524095
955357,2025,18.064005814299342,2026-05-24,2026-03-09,40000000.0,17.50439003707821
967319,2025,16.118095750958314,2026-05-24,2025-12-09,10000000.0,16.118095750958314
967346,2025,16.588099342704055,2026-05-24,2025-12-09,18000000.0,16.705882371415992
973085,2025,17.822843761378564,2026-05-24,2026-03-09,55000000.0,17.822843761378564
983989,2025,16.300417291085605,2026-05-24,2026-03-09,16000000.0,16.588099342704055
984096,2025,16.52356082573315,2026-05-24,2025-12-09,12000000.0,16.300417291085605
989112,2025,16.811242881518265,2026-05-24,2025-12-09,20000000.0,16.811242881518265
991800,2025,16.300417291085605,2026-05-24,2026-03-19,12000000.0,16.300417291085605
996897,2025,17.034386422832473,2026-05-24,2025-12-09,25000000.0,17.034386422832473
998101,2025,16.300417291085605,2026-05-24,2026-03-09,12000000.0,16.300417291085605
1004708,2025,17.034386422832473,2026-05-24,2026-03-09,25000000.0,17.034386422832473
1005583,2025,16.118095750958314,2026-05-24,2026-03-09,10000000.0,16.118095750958314
1005649,2025,17.72753358339242,2026-05-24,2026-03-09,50000000.0,17.72753358339242
1006411,2025,17.147715103853763,2026-05-24,2025-12-09,20000000.0,16.811242881518265
1009658,2025,15.894952224644102,2026-05-24,2025-12-09,8000000.0,15.894952224644102
1011131,2025,17.034386422832473,2026-05-24,2025-12-09,20000000.0,16.811242881518265
1011936,2025,15.894952224644102,2026-05-24,2026-03-09,8000000.0,15.894952224644102
1012534,2025,17.622173069956816,2026-05-24,2025-12-09,40000000.0,17.50439003707821
1012564,2025,17.909855136853043,2026-05-24,2026-03-09,40000000.0,17.50439003707821
1045123,2025,15.894952224644102,2026-05-24,2025-12-09,6000000.0,15.607270193858982
1047257,2025,12.611541086966117,2026-05-24,2025-12-09,300000.0,12.611541086966115
1056993,2025,18.197537205138158,2026-05-24,2025-12-09,80000000.0,18.197537205138154
1060087,2025,17.034386422832473,2026-05-24,2025-12-09,25000000.0,17.034386422832473
1063329,2025,15.607270193858982,2026-05-24,2025-12-09,7000000.0,15.76142084987672
1064471,2025,16.588099342704055,2026-05-24,2025-12-09,16000000.0,16.588099342704055
1069512,2025,14.914123179965662,2026-05-24,2025-12-09,4000000.0,15.201805169084134
1078163,2025,17.216707972959764,2026-05-24,2026-03-09,20000000.0,16.811242881518265
1081995,2025,13.815511557963774,2026-05-24,2025-12-17,300000.0,12.611541086966115
1086258,2025,16.300417291085605,2026-05-24,2026-03-09,12000000.0,16.300417291085605
1091562,2025,15.068273812173889,2026-05-24,2025-12-09,3500000.0,15.068273812173887
1107726,2025,14.508658238524095,2026-05-24,2026-03-09,1200000.0,13.997832948091215
1107733,2025,16.300417291085605,2026-05-24,2026-03-09,12000000.0,16.300417291085605
1108466,2025,17.216707972959764,2026-05-24,2026-03-09,20000000.0,16.811242881518265
1111589,2025,17.147715103853763,2026-05-24,2025-12-09,28000000.0,17.147715103853763
1124005,2025,16.300417291085605,2026-05-24,2025-12-09,15000000.0,16.52356082573315
1187629,2025,17.216707972959764,2026-05-24,2025-12-31,20000000.0,16.811242881518265
1193867,2025,15.201805169084134,2026-05-24,2025-12-22,4000000.0,15.201805169084134
1230661,2025,16.811242881518265,2026-05-24,2026-03-09,20000000.0,16.811242881518265
1322090,2025,14.731801689838347,2026-05-24,2026-03-09,3000000.0,14.914123179965662
