player_id,season,name,target_market_value_in_eur,baseline_predicted_market_value_in_eur,linear_predicted_market_value_in_eur,random_forest_predicted_market_value_in_eur
3333,2024,James Milner,1000000,7457848,734466,580961
14086,2024,Ashley Young,500000,7457848,2921651,869792
16306,2024,Casemiro,10000000,7457848,7972535,2412307
29692,2024,Lukasz Fabianski,500000,7457848,1074664,838967
43530,2024,Adam Lallana,750000,7457848,2072591,932436
51471,2024,Mateo Kovacic,20000000,7457848,13714944,11384827
52570,2024,Fraser Forster,1000000,7457848,1076450,446272
52769,2024,Willian,750000,7457848,2540249,861362
53622,2024,İlkay Gündoğan,5000000,7457848,9430339,2662422
61841,2024,Adam Smith,750000,7457848,2510598,1697458
67063,2024,Danny Welbeck,5000000,7457848,6999790,4580995
68390,2024,Séamus Coleman,500000,7457848,617808,645199
69633,2024,Christian Eriksen,4000000,7457848,4554273,2155784
72476,2024,Bernd Leno,10000000,7457848,8653931,5702160
73564,2024,Jason Steele,1500000,7457848,1069807,783295
74230,2024,Pablo Sarabia,5000000,7457848,6761631,3638045
74960,2024,Martin Dúbravka,1000000,7457848,1365682,689256
75458,2024,Robin Olsen,1000000,7457848,1104622,713235
75489,2024,Niclas Füllkrug,10000000,7457848,4491986,3237856
85177,2024,Nathaniel Clyne,1000000,7457848,1551009,1293446
85941,2024,Stefan Ortega,8000000,7457848,3150542,2465883
88755,2024,Kevin De Bruyne,20000000,7457848,13730298,5512509
91845,2024,Heung-min Son,20000000,7457848,16276819,9285050
92571,2024,Aaron Cresswell,500000,7457848,1956471,904967
92572,2024,Joel Ward,500000,7457848,928872,442061
95424,2024,Kyle Walker,4000000,7457848,1608051,952081
95810,2024,Kieran Trippier,4000000,7457848,2825070,1363935
95976,2024,Alex McCarthy,350000,7457848,1143722,472279
99331,2024,Jannik Vestergaard,2000000,7457848,4766405,3525719
102017,2024,Jorginho,6000000,7457848,4213105,1899077
104124,2024,Michail Antonio,700000,7457848,1387903,1308876
105470,2024,Alisson,20000000,7457848,8179662,4798990
108354,2024,Jordan Ayew,2500000,7457848,6349316,3207315
108725,2024,Chris Wood,10000000,7457848,21054460,7609127
110864,2024,Sam Johnstone,6000000,7457848,1687745,1692965
111195,2024,Joël Veltman,4000000,7457848,3473906,1967476
111819,2024,Neto,1500000,7457848,2138934,521602
111873,2024,Emiliano Martínez,20000000,7457848,7697395,8577654
118534,2024,Michael Keane,5000000,7457848,3238756,4503200
120629,2024,Alphonse Areola,9000000,7457848,6599564,7013599
121477,2024,Craig Dawson,1500000,7457848,2106936,1114583
123275,2024,Tom Cairney,1500000,7457848,2357590,1887912
123551,2024,Sam Morsy,500000,7457848,6256556,3370732
123682,2024,Callum Wilson,8000000,7457848,1791805,1941687
125714,2024,Mark Flekken,10000000,7457848,11764037,11326089
126664,2024,Lucas Digne,10000000,7457848,12588576,6447537
126665,2024,Idrissa Gueye,1500000,7457848,7659587,2162571
127187,2024,Abdoulaye Doucouré,7000000,7457848,7422046,5835704
127202,2024,Matz Sels,7000000,7457848,9830300,6262113
128901,2024,Conor Coady,2200000,7457848,3875218,4885406
130164,2024,Jordan Pickford,18000000,7457848,6456622,9993706
131978,2024,Ross Barkley,6000000,7457848,3777335,2739915
134270,2024,Dan Burn,6000000,7457848,7198376,4766222
134294,2024,Danny Ings,6000000,7457848,2015072,2395890
134425,2024,Raheem Sterling,10000000,7457848,2985416,3994265
135343,2024,Fabian Schär,7000000,7457848,7857573,3709140
136401,2024,Daniel Bentley,1500000,7457848,1423269,1330924
139208,2024,Virgil van Dijk,23000000,7457848,11102573,3490979
142310,2024,Willy Boly,1500000,7457848,2708896,1214381
144028,2024,Leandro Trossard,22000000,7457848,34660132,23468819
146310,2024,Wataru Endo,8000000,7457848,4074165,2362632
146509,2024,Conor Townsend,800000,7457848,1868335,2114340
146795,2024,Ryan Fraser,2000000,7457848,1416512,3450479
148153,2024,Lewis Dunk,6000000,7457848,3698575,1961140
148367,2024,Christian Nørgaard,11000000,7457848,13410264,9459227
148455,2024,Mohamed Salah,50000000,7457848,166824722,18330076
157506,2024,Jeffrey Schlupp,3000000,7457848,1832375,2140635
157672,2024,Vladimír Coufal,5000000,7457848,3335525,2333824
163744,2024,Jack Stephens,1500000,7457848,3317659,4967950
170527,2024,Timo Werner,7000000,7457848,4984119,4840511
170934,2024,Mario Lemina,7500000,7457848,6268590,4499807
171679,2024,Matt Doherty,2000000,7457848,2785667,2065367
173504,2024,James Tarkowski,9000000,7457848,6301149,5598886
177476,2024,Nathan Aké,25000000,7457848,3779329,3683486
177907,2024,Harry Maguire,13000000,7457848,4751181,5664867
181579,2024,James Ward-Prowse,8000000,7457848,5264202,2949872
181687,2024,Massimo Luongo,400000,7457848,1437371,2099545
181778,2024,Emerson,10000000,7457848,11661567,8742010
183288,2024,Luke Shaw,12000000,7457848,2234958,3022593
184528,2024,Emil Krafth,2000000,7457848,2070877,2581992
184573,2024,Victor Lindelöf,8000000,7457848,3166592,4558320
186186,2024,Bobby De Cordova-Reid,2500000,7457848,3716568,3866525
186590,2024,John Stones,25000000,7457848,3017188,5132129
188077,2024,Ryan Christie,10000000,7457848,5422726,6797588
192080,2024,Nick Pope,8000000,7457848,3608674,2469989
192279,2024,Kepa Arrizabalaga,10000000,7457848,8259381,8333229
192765,2024,Ben Davies,6000000,7457848,2623136,2960899
193098,2024,Álex Moreno,7000000,7457848,4444123,5247835
193116,2024,John McGinn,16000000,7457848,6251745,8027846
195633,2024,Charlie Taylor,2200000,7457848,1980176,2180142
197838,2024,Jamie Vardy,1000000,7457848,5515680,2706092
198516,2024,Harry Toffolo,3000000,7457848,2035305,3671089
199527,2024,Jacob Murphy,16000000,7457848,21426046,26193626
203026,2024,Danny Ward,1200000,7457848,1261334,1969728
203394,2024,Andreas Pereira,18000000,7457848,21379502,19647900
203460,2024,Jack Grealish,28000000,7457848,3781500,4136903
203853,2024,Oleksandr Zinchenko,20000000,7457848,7448153,6021750
204103,2024,Adama Traoré,9000000,7457848,18505357,17135291
206040,2024,Raúl Jiménez,5000000,7457848,22423725,4545347
206746,2024,Kenny Tete,13000000,7457848,5763763,4704850
207014,2024,Will Hughes,7000000,7457848,6969662,7172245
209212,2024,Solly March,6000000,7457848,1825496,2052014
212847,2024,Adam Webster,11000000,7457848,3153918,6677547
215810,2024,Tom King,200000,7457848,1431502,1720242
215876,2024,Ricardo Pereira,4500000,7457848,3826364,3087408
225122,2024,Gonçalo Guedes,11000000,7457848,16664033,16223356
226973,2024,Harrison Reed,6000000,7457848,2308112,3247357
230784,2024,Thomas Partey,14000000,7457848,11696790,7686041
231572,2024,Nélson Semedo,9000000,7457848,13309520,5323284
234509,2024,André Onana,25000000,7457848,9263444,14469780
234781,2024,Maxwel Cornet,8000000,7457848,3085903,6528861
234803,2024,Andrew Robertson,18000000,7457848,4709985,4466372
236490,2024,Ola Aina,22000000,7457848,9458496,10923062
238223,2024,Ederson,20000000,7457848,10223562,8572302
240306,2024,Bruno Fernandes,50000000,7457848,48482093,30690112
241641,2024,Bernardo Silva,38000000,7457848,20813200,14019131
242631,2024,Alex Iwobi,28000000,7457848,24282227,32522547
243028,2024,Jan Bednarek,9000000,7457848,7991666,12374882
245056,2024,Saša Lukić,14000000,7457848,11076404,9511221
249089,2024,Lewis Cook,15000000,7457848,9026927,7077950
249126,2024,Harry Winks,9000000,7457848,5091930,5553671
249565,2024,Youri Tielemans,38000000,7457848,27940882,16110879
249994,2024,José Sá,7000000,7457848,8630946,4959162
250426,2024,Adam Armstrong,12000000,7457848,4107569,8008504
250478,2024,Matt Targett,5000000,7457848,1902092,3496026
251106,2024,Enes Ünal,10000000,7457848,7099246,7407655
253677,2024,Tyrone Mings,5000000,7457848,2680336,5263682
255788,2024,Cameron Burgess,2000000,7457848,3686316,6381000
256178,2024,Joe Gomez,20000000,7457848,3228784,4533436
256977,2024,Daniel Podence,5500000,7457848,3638611,3204229
258004,2024,Rúben Dias,65000000,7457848,14391064,24313964
258878,2024,Tosin Adarabioyo,20000000,7457848,6448198,11617260
258889,2024,Dominic Solanke,40000000,7457848,10503530,11763426
258919,2024,Dean Henderson,20000000,7457848,8277532,15660834
258923,2024,Marcus Rashford,50000000,7457848,11813685,14726121
260827,2024,Joachim Andersen,27000000,7457848,9647791,11059884
262226,2024,Timothy Castagne,13000000,7457848,7831576,6074363
262300,2024,Ryan Manning,3000000,7457848,3315417,3595729
262749,2024,David Raya,40000000,7457848,11858969,14369135
262980,2024,Jefferson Lerma,10000000,7457848,13486958,4816658
263236,2024,Kevin Danso,25000000,7457848,4133044,5629424
270171,2024,Vitaly Janelt,20000000,7457848,16531508,15727079
272622,2024,Issa Diop,14000000,7457848,6882031,7110743
272855,2024,Paul Onuachu,6000000,7457848,5143080,5485758
272999,2024,Miguel Almirón,10000000,7457848,2742966,3168187
274839,2024,Wilfred Ndidi,15000000,7457848,10252472,13921639
277033,2024,David Brooks,10000000,7457848,5324030,7594518
279455,2024,Harry Wilson,15000000,7457848,6833530,14168927
282429,2024,Sergio Reguilón,6000000,7457848,3779931,3976382
283628,2024,Tomáš Souček,18000000,7457848,20245782,13171727
284730,2024,Manuel Akanji,28000000,7457848,6393194,4670157
284857,2024,Marc Cucurella,35000000,7457848,24793528,15741654
286047,2024,Guglielmo Vicario,32000000,7457848,8510477,6110456
288323,2024,Marcus Harness,800000,7457848,1337239,2957698
289592,2024,Orel Mangala,18000000,7457848,9919295,7734734
292139,2024,Sammie Szmodics,10000000,7457848,3240606,8828758
292246,2024,Hee-chan Hwang,12000000,7457848,3675637,4614381
292808,2024,Wout Faes,15000000,7457848,19315508,13147105
294057,2024,James Maddison,42000000,7457848,18680004,35969137
295313,2024,Taiwo Awoniyi,16000000,7457848,5053648,4485060
296622,2024,Marco Asensio,20000000,7457848,6428586,11168231
300716,2024,Kieran Tierney,9000000,7457848,3032116,6497784
306024,2024,Dominic Calvert-Lewin,16000000,7457848,5832794,7079170
309400,2024,Kai Havertz,65000000,7457848,16473796,23144036
314353,2024,Trent Alexander-Arnold,75000000,7457848,13640420,18121676
314875,2024,Jarrod Bowen,40000000,7457848,30707502,60444165
315969,2024,Scott McTominay,50000000,7457848,1701792,1758257
316125,2024,Ben Chilwell,15000000,7457848,2846839,6318256
316264,2024,Martin Ødegaard,85000000,7457848,17688768,17833791
319859,2024,Mathias Jensen,14000000,7457848,5618667,4933407
320411,2024,Philip Billing,10000000,7457848,3089462,5628009
321247,2024,Emiliano Buendía,15000000,7457848,4155605,6099648
324223,2024,James Bree,2500000,7457848,3742721,5570165
324358,2024,Ollie Watkins,40000000,7457848,29738344,32921799
326029,2024,Donyell Malen,25000000,7457848,5247872,10661275
326031,2024,Matthijs de Ligt,38000000,7457848,14507348,14475365
328658,2024,Kristoffer Ajer,18000000,7457848,7306087,14994634
329145,2024,Diego Carlos,9500000,7457848,5009587,3010694
330659,2024,Justin Kluivert,35000000,7457848,56203822,41792823
331560,2024,Takehiro Tomiyasu,18000000,7457848,3734310,2963720
332705,2024,Tyler Adams,18000000,7457848,8317889,10339840
333014,2024,Sander Berge,25000000,7457848,9191409,14552331
333241,2024,Joelinton,35000000,7457848,19456537,30901245
335721,2024,Ben White,45000000,7457848,3988912,6410142
336077,2024,Altay Bayındır,8000000,7457848,4928834,2900663
336367,2024,Joe Lumley,500000,7457848,1707126,1523620
338070,2024,Konstantinos Tsimikas,18000000,7457848,4447738,4208541
338424,2024,Mikel Merino,35000000,7457848,15275999,16677199
339340,2024,Tyrell Malacia,8000000,7457848,3969135,5706763
339556,2024,Rico Henry,15000000,7457848,2212163,3627891
340324,2024,Eddie Nketiah,18000000,7457848,7452496,9070072
340325,2024,Reiss Nelson,16000000,7457848,4918834,6263229
340328,2024,Stephy Mavididi,10000000,7457848,9017811,13042143
340329,2024,Joe Willock,22000000,7457848,8656818,9511869
340456,2024,Noussair Mazraoui,25000000,7457848,11976727,7624368
340918,2024,Caoimhín Kelleher,20000000,7457848,2145180,5047023
340950,2024,Diogo Jota,40000000,7457848,20012515,29439983
341051,2024,Kyle Walker-Peters,15000000,7457848,7050962,7773933
341092,2024,Federico Chiesa,14000000,7457848,4265798,4165783
341501,2024,Hamza Choudhury,4500000,7457848,2633027,3434361
342046,2024,Axel Tuanzebe,5000000,7457848,6824811,8211254
342385,2024,Guido Rodríguez,10000000,7457848,6480940,4483396
343475,2024,Ben Godfrey,6000000,7457848,2699636,4076022
344009,2024,Nathan Broadhead,4500000,7457848,4024868,6631213
344152,2024,Odsonne Édouard,8000000,7457848,4508526,5392678
344381,2024,Christopher Nkunku,35000000,7457848,11108809,9789678
346314,2024,Trevoh Chalobah,25000000,7457848,11730473,13718895
346483,2024,Mason Mount,28000000,7457848,4870450,10758557
346707,2024,Sean Longstaff,20000000,7457848,4966866,8948403
348623,2024,Mason Holgate,4000000,7457848,2044200,2323400
349066,2024,Alexander Isak,120000000,7457848,54246571,58422311
349503,2024,Conor Chaplin,6000000,7457848,3818474,6173356
349599,2024,Pervis Estupiñán,30000000,7457848,11647617,12321688
349701,2024,Antonee Robinson,35000000,7457848,15353490,29008940
351749,2024,Kalvin Phillips,12000000,7457848,3918754,4909336
354362,2024,Rodrigo Bentancur,30000000,7457848,8469110,10758183
355915,2024,Cristian Romero,50000000,7457848,8913698,10799964
356141,2024,Daichi Kamada,12000000,7457848,8899492,7800836
357119,2024,Ibrahima Konaté,60000000,7457848,21444902,22631010
357147,2024,Diogo Dalot,30000000,7457848,20066352,20380755
357565,2024,Rodri,110000000,7457848,3785341,2846049
357658,2024,Mark Travers,4000000,7457848,1854627,3977123
357662,2024,Declan Rice,120000000,7457848,18180057,15648063
361093,2024,Sven Botman,42000000,7457848,5692673,5295719
363205,2024,Gabriel Jesus,32000000,7457848,7571271,6601722
369316,2024,Ferdi Kadıoğlu,25000000,7457848,7038694,5654281
371021,2024,Arijanet Murić,5000000,7457848,5163422,11167193
372246,2024,Carlos Soler,18000000,7457848,10886783,8786088
375885,2024,Ibrahim Sangaré,24000000,7457848,6869481,8403284
378710,2024,Richarlison,20000000,7457848,8299629,10438601
380350,2024,Igor Julio,20000000,7457848,8763684,7864489
384461,2024,Jakub Moder,12000000,7457848,2713369,2750726
385848,2024,George Edmundson,800000,7457848,2438737,2734244
386047,2024,Axel Disasi,22000000,7457848,9652301,9464628
387626,2024,Leon Bailey,28000000,7457848,4959256,8086086
388165,2024,Yoane Wissa,32000000,7457848,32994348,42320913
391005,2024,Mads Roerslev,6000000,7457848,6184040,8044563
392591,2024,Chiedozie Ogbene,7000000,7457848,1471376,2625879
392757,2024,Marc Guéhi,45000000,7457848,16368737,14233397
392765,2024,Emile Smith Rowe,30000000,7457848,18989527,16484042
392768,2024,Callum Hudson-Odoi,25000000,7457848,14583831,16575448
392775,2024,Ryan Sessegnon,15000000,7457848,7358865,14353151
394327,2024,Boubacar Kamara,40000000,7457848,15002801,13423072
397033,2024,Sandro Tonali,60000000,7457848,32169158,19577870
398065,2024,Harvey Barnes,35000000,7457848,17684082,23953361
399434,2024,Marcus Tavernier,18000000,7457848,13251647,16783663
399776,2024,Pau Torres,32000000,7457848,9377140,10173833
400536,2024,Mads Hermansen,15000000,7457848,9046256,15696736
401173,2024,Jadon Sancho,28000000,7457848,13353291,18021187
401320,2024,Dara O'Shea,14000000,7457848,8305070,10929034
401356,2024,Edson Álvarez,25000000,7457848,15174981,13219443
403151,2024,Robert Sánchez,20000000,7457848,11793697,17278389
404842,2024,Vitaliy Mykolenko,28000000,7457848,24960522,15825377
405385,2024,Yukinari Sugawara,11000000,7457848,11249010,12471270
406634,2024,Matt O'Riley,22000000,7457848,9886910,15196037
406635,2024,Phil Foden,100000000,7457848,14283342,16502128
406638,2024,Oliver Skipp,10000000,7457848,7203652,9766443
410225,2024,Ismaïla Sarr,25000000,7457848,33546334,27364482
410425,2024,Yves Bissouma,25000000,7457848,7108916,9366505
413039,2024,Bryan Mbeumo,55000000,7457848,93413891,74784734
413220,2024,James Justin,13000000,7457848,12660011,7670329
413403,2024,Ezri Konsa,35000000,7457848,10294747,11895179
413507,2024,Nikola Milenković,35000000,7457848,29348103,23356961
414908,2024,Marshall Munetsi,15000000,7457848,4201761,8076501
415381,2024,Mats Wieffer,25000000,7457848,12061160,14492000
415912,2024,Konstantinos Mavropanos,17000000,7457848,9900231,13812031
417346,2024,Jack Harrison,14000000,7457848,7175114,7721664
418560,2024,Erling Haaland,180000000,7457848,46128186,67242271
420002,2024,Jean-Philippe Mateta,30000000,7457848,37421683,17374750
420243,2024,Jurriën Timber,55000000,7457848,15341276,17039947
420808,2024,George Hirst,4000000,7457848,5373477,7644022
421637,2024,Frank Onyeka,7000000,7457848,2518035,3050043
423744,2024,Billy Gilmour,20000000,7457848,2858237,3295630
424015,2024,Nathan Patterson,15000000,7457848,3471303,3802809
425334,2024,Matty Cash,25000000,7457848,6017099,9085444
425902,2024,Ryan Yates,12000000,7457848,9278027,11371591
425918,2024,Jakub Kiwior,28000000,7457848,6177895,15060468
426192,2024,Ben Brereton Díaz,7500000,7457848,3637118,6600778
427568,2024,Aaron Ramsdale,16000000,7457848,6760059,15199062
428016,2024,Brandon Austin,600000,7457848,2259341,1212073
429014,2024,Morgan Gibbs-White,50000000,7457848,30607362,37769048
429983,2024,Jørgen Strand Larsen,30000000,7457848,31202384,28312292
430310,2024,Andrew Irving,4000000,7457848,3046016,5112413
431755,2024,Dejan Kulusevski,50000000,7457848,19784973,22739288
433177,2024,Bukayo Saka,150000000,7457848,21452015,39488658
433183,2024,Tommy Doyle,10000000,7457848,7018224,7115888
433188,2024,Curtis Jones,45000000,7457848,14833467,16993769
434224,2024,Maxence Lacroix,25000000,7457848,25563028,18197364
434675,2024,Cody Gakpo,70000000,7457848,34829241,30341235
435338,2024,Gabriel,75000000,7457848,23644652,34677547
435648,2024,Joshua Zirkzee,30000000,7457848,15389921,12669443
438001,2024,Santiago Bueno,10000000,7457848,9741379,13120709
442248,2024,Ethan Pinnock,7000000,7457848,3931487,6833784
444211,2024,Will Smallbone,6000000,7457848,3418537,5595895
444523,2024,Lucas Paquetá,28000000,7457848,21967301,28303770
445939,2024,Omar Marmoush,75000000,7457848,8654829,14931421
447995,2024,Ross Stewart,4000000,7457848,2053457,5767377
450050,2024,Jean-Ricner Bellegarde,18000000,7457848,16785877,15918968
451276,2024,Dominik Szoboszlai,80000000,7457848,29425495,23074233
458178,2024,Jack Taylor,3000000,7457848,4851772,6078009
461883,2024,Calvin Bassey,25000000,7457848,14351926,17165327
462250,2024,João Félix,20000000,7457848,7745362,9166815
463603,2024,Benoît Badiashile,22000000,7457848,7337989,3244820
466805,2024,Nico González,40000000,7457848,9307175,7738690
467563,2024,Armel Bella-Kotchap,9000000,7457848,6464904,2505567
468002,2024,Ben Johnson,8000000,7457848,6570810,9745940
468066,2024,Jens Cajuste,12000000,7457848,9874168,14412732
468198,2024,Joe Aribo,6000000,7457848,8443348,10320741
469050,2024,Nathan Collins,28000000,7457848,16160661,14803451
469781,2024,Marcos Senesi,22000000,7457848,6614893,6760095
470607,2024,Brennan Johnson,40000000,7457848,25603346,29267718
471690,2024,Max Aarons,6000000,7457848,2443549,4193859
472423,2024,Reece James,30000000,7457848,5160927,9011283
473050,2024,Kevin Schade,30000000,7457848,47058191,25118811
474701,2024,Crysencio Summerville,22000000,7457848,9207327,9213015
475188,2024,Kiernan Dewsbury-Hall,20000000,7457848,3482274,6754498
475411,2024,Wesley Fofana,25000000,7457848,10274879,11422093
475959,2024,Josko Gvardiol,75000000,7457848,38610889,17075310
476701,2024,Manuel Ugarte,45000000,7457848,14150688,16420135
477758,2024,Aaron Wan-Bissaka,24000000,7457848,13594807,18335263
478573,2024,Ryan Gravenberch,75000000,7457848,26926643,27828013
479999,2024,Eberechi Eze,55000000,7457848,25150011,30976362
480116,2024,Lloyd Kelly,16000000,7457848,3942664,5672609
480692,2024,Luis Díaz,70000000,7457848,57663318,49407082
480762,2024,Lisandro Martínez,40000000,7457848,9697317,9491491
483348,2024,Djed Spence,20000000,7457848,9216852,10900468
485585,2024,Ian Maatsen,28000000,7457848,16569882,13677571
485706,2024,Amadou Onana,50000000,7457848,21442654,18544298
486049,2024,Jérémy Doku,50000000,7457848,30044420,20224351
486604,2024,Vitezslav Jaros,4000000,7457848,3840009,1317861
487465,2024,Pedro Neto,50000000,7457848,37043622,32281335
488935,2024,Hákon Valdimarsson,2500000,7457848,2934231,1864015
493003,2024,Daniel Muñoz,25000000,7457848,27329538,18259046
494880,2024,Jorge Cuenca,5000000,7457848,6370776,8430923
495666,2024,William Saliba,80000000,7457848,26551800,20260221
497291,2024,Nicolás Domínguez,18000000,7457848,12468161,9677613
502821,2024,Riccardo Calafiori,35000000,7457848,15484174,13716327
503680,2024,Neco Williams,20000000,7457848,13866443,17493583
503733,2024,Anthony Gordon,65000000,7457848,22194754,21202610
503743,2024,Morgan Rogers,55000000,7457848,52121374,58922553
503749,2024,Jacob Ramsey,32000000,7457848,12087798,15288242
503866,2024,Albert Grønbaek,11000000,7457848,4353926,5085936
503977,2024,Taylor Harwood-Bellis,22000000,7457848,14546784,19504428
503981,2024,Tino Livramento,40000000,7457848,13121590,17302097
503987,2024,Noni Madueke,40000000,7457848,20274783,23538983
503990,2024,Nathan Wood,3500000,7457848,5624333,9060454
504148,2024,Tariq Lamptey,11000000,7457848,6782913,13834919
504849,2024,Kaoru Mitoma,40000000,7457848,26663021,33630541
505194,2024,Luke Thomas,6000000,7457848,5214235,7624071
505219,2024,James Garner,18000000,7457848,7548943,11824671
506189,2024,Flynn Downes,13000000,7457848,7804600,8293825
512385,2024,Luis Sinisterra,15000000,7457848,8043595,5751238
513245,2024,Jesper Lindstrøm,18000000,7457848,8080851,9480732
513970,2024,Julián Araujo,10000000,7457848,8313385,5711812
517894,2024,Matheus Cunha,60000000,7457848,62425946,40628469
520624,2024,Bruno Guimarães,80000000,7457848,40400247,30551640
525247,2024,Maximilian Kilman,25000000,7457848,11678690,13313856
525287,2024,Carlos Vinícius,3500000,7457848,3067736,4466783
527425,2024,Luke Woolfenden,2000000,7457848,4774580,7465584
528892,2024,Harry Clarke,4500000,7457848,3207637,5789653
533662,2024,Cameron Archer,12000000,7457848,9780214,10706031
534033,2024,Alexis Mac Allister,100000000,7457848,25390196,20166996
536835,2024,Amad Diallo,45000000,7457848,38296279,40162663
537860,2024,Mykhaylo Mudryk,18000000,7457848,6822660,7429403
538977,2024,Georginio Rutter,32000000,7457848,22049312,13760585
540941,2024,Mikkel Damsgaard,28000000,7457848,35343748,37922744
541231,2024,Sepp van den Berg,22000000,7457848,18567329,16249848
543387,2024,Cheick Doucouré,25000000,7457848,4732845,6271774
543499,2024,Mohammed Kudus,45000000,7457848,17625771,15054167
546543,2024,Darwin Núñez,45000000,7457848,11956568,11827607
553875,2024,Pedro Porro,38000000,7457848,21412745,19850348
556385,2024,Destiny Udogie,40000000,7457848,18325252,13665682
557459,2024,Micky van de Ven,50000000,7457848,8953462,9412048
559263,2024,Fábio Carvalho,14000000,7457848,17604799,16190367
559794,2024,Jack Clarke,15000000,7457848,10899583,10518319
564529,2024,Victor Kristiansen,15000000,7457848,15004075,14498811
565093,2024,Bart Verbruggen,30000000,7457848,19838003,22026154
565822,2024,Harvey Elliott,30000000,7457848,8007500,9090698
567576,2024,Elliot Anderson,32000000,7457848,22097830,24640504
568005,2024,Jeremy Sarmiento,7000000,7457848,4468766,2740538
568177,2024,Cole Palmer,120000000,7457848,71773259,67114761
568559,2024,Radu Drăgușin,25000000,7457848,8506435,12859285
568693,2024,Pape Matar Sarr,32000000,7457848,24125781,22692484
571743,2024,Armando Broja,12000000,7457848,4420597,5693982
576314,2024,Jan Paul van Hecke,32000000,7457848,19369276,15401780
578391,2024,Rayan Aït-Nouri,35000000,7457848,36262104,27819409
578539,2024,Chris Richards,14000000,7457848,7605229,11165925
581330,2024,Eiran Cashin,8000000,7457848,2437333,3157051
583189,2024,Anthony Elanga,42000000,7457848,38029215,37006999
583199,2024,James McAtee,20000000,7457848,7168654,13383956
583255,2024,Antoine Semenyo,40000000,7457848,41909996,40606975
584769,2024,Dwight McNeil,25000000,7457848,11441498,20782001
585323,2024,Filip Jørgensen,18000000,7457848,4707359,3316687
592975,2024,Woyo Coulibaly,2000000,7457848,3221780,4260977
595809,2024,Beto,22000000,7457848,11889173,14958610
596446,2024,Leif Davis,22000000,7457848,11835969,13315714
601883,2024,Matheus Nunes,35000000,7457848,18228372,26221076
602105,2024,Antony,35000000,7457848,6643513,5977168
605184,2024,Jean-Clair Todibo,25000000,7457848,15425801,15668499
606718,2024,Toti,28000000,7457848,20604117,23290173
609556,2024,William Osula,7000000,7457848,6176404,6786123
610442,2024,Rasmus Højlund,35000000,7457848,15744905,13067712
610581,2024,Ali Al-Hamadi,2500000,7457848,4317779,4593630
610849,2024,Liam Delap,40000000,7457848,29260666,29735731
611793,2024,James Hill,3000000,7457848,5432717,6356435
614258,2024,Levi Colwill,55000000,7457848,18930690,23456655
620322,2024,Malo Gusto,35000000,7457848,20086842,14430301
621193,2024,Kasey McAteer,2000000,7457848,4134683,5501145
623570,2024,Iliman Ndiaye,22000000,7457848,22692737,18728096
624258,2024,Conor Bradley,30000000,7457848,5082043,9763221
626724,2024,João Pedro,50000000,7457848,40743575,39780846
628451,2024,Roméo Lavia,40000000,7457848,15070011,9614227
632349,2024,Jarell Quansah,20000000,7457848,6363742,5853952
638964,2024,Nathan Butler-Oyedeji,1000000,7457848,2657015,2545467
644401,2024,Keane Lewis-Potter,23000000,7457848,12214409,12533472
645686,2024,Lamare Bogarde,6000000,7457848,8025474,4448298
648046,2024,Evan Ferguson,25000000,7457848,5699617,4846595
648195,2024,Enzo Fernández,75000000,7457848,39796178,31247363
649020,2024,Boubacar Traoré,5000000,7457848,3560242,2034857
649317,2024,Jhon Durán,35000000,7457848,18624946,14056086
654253,2024,Toby Collyer,5000000,7457848,5038297,2285053
654982,2024,Bilal El Khannouss,28000000,7457848,26064842,19855802
655488,2024,Gabriel Martinelli,55000000,7457848,48196570,38276580
658536,2024,Simon Adingra,28000000,7457848,18195742,13127068
659089,2024,Ilya Zabarnyi,42000000,7457848,32382623,24519451
660867,2024,Julio Enciso,22000000,7457848,24383309,11951497
661053,2024,Jarrad Branthwaite,50000000,7457848,12826983,10906387
661207,2024,Oscar Bobb,25000000,7457848,3989341,2550745
663244,2024,Jota Silva,15000000,7457848,21496107,17142910
665390,2024,Jaden Philogene,16000000,7457848,8594067,10557933
667121,2024,Rodrigo Gomes,15000000,7457848,15779144,13155576
667287,2024,Yasin Ayari,22000000,7457848,14809895,16269687
670688,2024,Youssef Chermiti,8000000,7457848,7636626,2081253
670848,2024,Divin Mubama,4000000,7457848,3138051,1215664
670858,2024,Lewis Hall,32000000,7457848,16155055,15916614
670883,2024,Dane Scarlett,2000000,7457848,3439255,2046663
673492,2024,Morato,14000000,7457848,19180748,13004184
680806,2024,Samuel Edozie,6000000,7457848,3407713,3771041
683895,2024,Emmanuel Agbadou,20000000,7457848,7790424,8522437
687626,2024,Moisés Caicedo,90000000,7457848,29778850,29022783
689637,2024,Chadi Riad,15000000,7457848,5607046,769656
693095,2024,Jacob Greaves,18000000,7457848,8961954,11557842
695454,2024,Chiquinho,2000000,7457848,5370776,3996216
696346,2024,Jay Stansfield,11000000,7457848,2700178,2291563
696589,2024,Tim Iroegbunam,9000000,7457848,6890729,6728155
700106,2024,Brajan Gruda,25000000,7457848,18295622,10864600
701057,2024,Rico Lewis,40000000,7457848,12193083,15021632
709767,2024,Ji-soo Kim,600000,7457848,7320287,2465367
711337,2024,Evanilson,35000000,7457848,46671782,30780644
711544,2024,Jake O'Brien,18000000,7457848,4432772,7858929
711999,2024,Lesley Ugochukwu,18000000,7457848,24328240,17863089
716276,2024,Yerson Mosquera,8000000,7457848,8381048,4381322
717411,2024,Yegor Yarmolyuk,15000000,7457848,23242694,14252407
725912,2024,Antonín Kinský,15000000,7457848,5484407,3189467
729264,2024,Welington,3000000,7457848,9119415,6714813
730861,2024,Milos Kerkez,45000000,7457848,30248575,27108068
730893,2024,Tyrick Mitchell,25000000,7457848,15093650,17622940
732165,2024,Ronnie Edwards,3800000,7457848,4079865,1706487
735570,2024,João Gomes,40000000,7457848,31238163,27436467
735571,2024,Rodrigo Muniz,20000000,7457848,28828790,23636979
739443,2024,Igor Thiago,18000000,7457848,6771890,6188053
741238,2024,Omari Hutchinson,22000000,7457848,17352393,15005704
742451,2024,Carlos Forbs,8000000,7457848,10975464,6073828
743413,2024,Nico O'Reilly,18000000,7457848,7193404,5045516
743498,2024,Wilson Odobert,20000000,7457848,13696715,9172730
743591,2024,Savinho,50000000,7457848,46456636,29628588
743597,2024,Matheus França,10000000,7457848,10846909,3746911
744149,2024,Adam Wharton,45000000,7457848,9860993,12146557
745191,2024,Ramón Sosa,12000000,7457848,6336492,7642448
746695,2024,Kamaldeen Sulemana,13000000,7457848,11291219,10200953
746740,2024,Daniel Jebbison,4000000,7457848,3663573,6171650
747009,2024,Justin Devenny,6000000,7457848,7055254,9142859
748319,2024,Carlos Alcaraz,14000000,7457848,14522506,12168585
763079,2024,Abdukodir Khusanov,35000000,7457848,6530129,6318463
776890,2024,Nicolas Jackson,50000000,7457848,27064957,29592942
777308,2024,Zain Silcott-Duberry,200000,7457848,3153477,945578
800176,2024,André,28000000,7457848,25258998,20575122
801734,2024,Mathys Tel,35000000,7457848,12934179,10583647
805714,2024,Renato Veiga,25000000,7457848,11276314,5690645
808509,2024,Danilo,28000000,7457848,7758560,7189861
811779,2024,Alejandro Garnacho,45000000,7457848,38437559,20798617
820374,2024,Kobbie Mainoo,50000000,7457848,10369828,13633809
821522,2024,Alfie Pond,250000,7457848,4504348,643509
823231,2024,Dango Ouattara,28000000,7457848,30711406,27111093
823486,2024,Michael Kayode,18000000,7457848,10315779,6690097
845321,2024,Kaelan Casey,1000000,7457848,4733755,585069
845809,2024,Lewis Orford,400000,7457848,4583305,1714377
848682,2024,Kosta Nedeljkovic,10000000,7457848,8086209,1855720
854721,2024,Ben Winterburn,500000,7457848,5029134,2653864
855256,2024,Alex Scott,20000000,7457848,7000508,8744562
856479,2024,Roman Dixon,200000,7457848,3615557,765256
862297,2024,Nasser Djiga,10000000,7457848,7181127,3276846
864121,2024,Abdul Fatawu,11000000,7457848,7481190,6570368
866246,2024,Lucas Bergvall,38000000,7457848,12531401,10782216
866655,2024,Tyler Dibling,25000000,7457848,17335827,14003272
867688,2024,Jack Hinshelwood,24000000,7457848,21564934,22688770
874538,2024,Ryan Trevitt,275000,7457848,3244918,1507678
880245,2024,Mateus Fernandes,15000000,7457848,48419700,33406321
890290,2024,Dean Huijsen,60000000,7457848,50230025,25140046
890719,2024,Ethan Nwaneri,55000000,7457848,19813712,17538178
890721,2024,Myles Lewis-Skelly,45000000,7457848,11251972,11514095
897481,2024,Eric da Silva Moreira,1000000,7457848,6802342,2062124
911424,2024,Tyler Fredricson,3000000,7457848,5135719,1681662
922563,2024,Oliver Scarles,8000000,7457848,8043504,5736865
922693,2024,Archie Gray,38000000,7457848,14797453,12809483
922769,2024,Lewis Miley,22000000,7457848,7881107,5624931
923831,2024,Leny Yoro,55000000,7457848,20945514,13203978
926952,2024,Patrick Dorgu,25000000,7457848,6877732,6249353
933900,2024,Samuel Amo-Ameyaw,4000000,7457848,4454207,2764141
936842,2024,Michael Golding,2000000,7457848,4495264,657402
936874,2024,Tyrique George,10000000,7457848,6426209,2716064
938158,2024,Marc Guiu,8000000,7457848,6447828,1721491
939290,2024,Jayden Danns,800000,7457848,3591921,1843246
942497,2024,Jahmai Simpson-Pusey,5000000,7457848,5449862,1752903
954104,2024,Jayden Meghoma,500000,7457848,4947858,1021915
967319,2024,Romain Esse,12000000,7457848,5525767,2320561
973085,2024,Carlos Baleba,40000000,7457848,27999046,20805763
982097,2024,Shumaira Mheuka,800000,7457848,4253718,750984
983989,2024,Facundo Buonanotte,20000000,7457848,32720807,19469172
986298,2024,Joachim Kayi Sanda,1500000,7457848,11051813,1882801
991800,2024,Luís Guilherme,15000000,7457848,13490776,5534126
992686,2024,Martial Godo,600000,7457848,5730612,4708053
994536,2024,Claudio Echeverri,18000000,7457848,7280827,1981480
996897,2024,Diego Gómez,14000000,7457848,10198054,10694702
1004708,2024,Josh Acheampong,8000000,7457848,4765802,1369094
1005575,2024,Vitor Reis,30000000,7457848,11702132,2805792
1005649,2024,Murillo,55000000,7457848,37473731,29015621
1009658,2024,Julio Soler,8000000,7457848,7241493,2714845
1010854,2024,Mathis Amougou,10000000,7457848,7985800,1835603
1011131,2024,Josh King,1000000,7457848,6680866,3041183
1011147,2024,Mikey Moore,18000000,7457848,7456135,4220028
1011738,2024,Harry Amass,5000000,7457848,6282913,1742809
1012534,2024,Yankuba Minteh,30000000,7457848,21718239,27414828
1042886,2024,Chido Obi,5000000,7457848,6707458,1900594
1045124,2024,Jay Robinson,1000000,7457848,5330277,924524
1047256,2024,Asher Agbinone,75000,7457848,4326456,1747455
1047261,2024,Caleb Kporha,1000000,7457848,4407540,1833561
1063329,2024,Andrés García,7000000,7457848,6442225,5364172
1078163,2024,Ayden Heaven,5000000,7457848,6279127,1603066
1089802,2024,Remy Rees-Dottin,300000,7457848,3548121,1208738
1107733,2024,Harrison Armstrong,800000,7457848,5211875,1365290
1141628,2024,Yunus Konak,4500000,7457848,14097717,4865274
1193867,2024,Pedro Lima,5000000,7457848,9801657,4174172
1230661,2024,Mateus Mané,200000,7457848,12126199,935364
3333,2025,James Milner,500000,7457848,1385515,962753
16306,2025,Casemiro,6000000,7457848,21687326,3431429
51471,2025,Mateo Kovacic,10000000,7457848,3054654,2659459
61651,2025,Jordan Henderson,1200000,7457848,4581776,1798241
61841,2025,Adam Smith,300000,7457848,2278296,1274910
63200,2025,Ashley Barnes,150000,7457848,888530,572032
67063,2025,Danny Welbeck,3000000,7457848,8366932,3248333
68390,2025,Séamus Coleman,200000,7457848,557070,525526
72476,2025,Bernd Leno,6000000,7457848,7392753,4203101
74960,2025,Martin Dúbravka,500000,7457848,3358849,978031
75489,2025,Niclas Füllkrug,3500000,7457848,2014812,1762130
82873,2025,Pascal Groß,2500000,7457848,4197820,1588803
85177,2025,Nathaniel Clyne,300000,7457848,1363451,968759
85941,2025,Stefan Ortega,4000000,7457848,1937007,2396872
95424,2025,Kyle Walker,1500000,7457848,3874446,1135109
95810,2025,Kieran Trippier,1500000,7457848,1993748,1104157
99397,2025,Karl Darlow,200000,7457848,1971513,1433223
105470,2025,Alisson,15000000,7457848,6881427,2532232
108725,2025,Chris Wood,5000000,7457848,2069974,1617434
110864,2025,Sam Johnstone,2000000,7457848,1875887,1759965
111195,2025,Joël Veltman,1500000,7457848,3653398,1746278
111455,2025,Granit Xhaka,8000000,7457848,9130131,4257480
111873,2025,Emiliano Martínez,12000000,7457848,6541223,3213568
118534,2025,Michael Keane,3000000,7457848,6638601,3393867
120629,2025,Alphonse Areola,4000000,7457848,5071914,4658818
123275,2025,Tom Cairney,500000,7457848,2217188,1560736
123682,2025,Callum Wilson,4000000,7457848,4859779,2848309
124884,2025,Marco Bizot,1500000,7457848,1827041,1039276
126664,2025,Lucas Digne,6000000,7457848,11510397,5150029
126665,2025,Idrissa Gueye,500000,7457848,5012447,1750817
127202,2025,Matz Sels,3500000,7457848,6737284,2527107
130164,2025,Jordan Pickford,13000000,7457848,5521397,8135351
131978,2025,Ross Barkley,4000000,7457848,3614102,3040832
131996,2025,Bertrand Traoré,4000000,7457848,3630812,3056310
134270,2025,Dan Burn,4000000,7457848,5310450,2234842
135343,2025,Fabian Schär,4000000,7457848,2778703,1149550
136401,2025,Daniel Bentley,800000,7457848,1349552,1203551
139208,2025,Virgil van Dijk,15000000,7457848,12175989,2504543
144028,2025,Leandro Trossard,18000000,7457848,18364222,13779531
146310,2025,Wataru Endo,4000000,7457848,2581600,1703613
148153,2025,Lewis Dunk,3500000,7457848,4968476,1602408
148367,2025,Christian Nørgaard,5000000,7457848,2386702,2024204
148455,2025,Mohamed Salah,22000000,7457848,10280529,5199593
171679,2025,Matt Doherty,1000000,7457848,992672,1317668
173504,2025,James Tarkowski,5000000,7457848,8212622,3301658
177476,2025,Nathan Aké,12000000,7457848,4561315,3232255
177907,2025,Harry Maguire,8000000,7457848,4248962,2513672
181380,2025,Arthur Masuaku,2000000,7457848,1693212,1480068
181579,2025,James Ward-Prowse,5000000,7457848,3336741,2821678
183288,2025,Luke Shaw,8000000,7457848,8000633,6066663
184528,2025,Emil Krafth,750000,7457848,1261719,1856618
184573,2025,Victor Lindelöf,5000000,7457848,3226163,3818274
186590,2025,John Stones,12000000,7457848,2213834,3043191
188077,2025,Ryan Christie,8000000,7457848,3465466,3794242
192080,2025,Nick Pope,5000000,7457848,3158420,2093756
192279,2025,Kepa Arrizabalaga,5000000,7457848,2284566,2302385
192765,2025,Ben Davies,3000000,7457848,1474533,1371522
193116,2025,John McGinn,13000000,7457848,6950506,8478538
199527,2025,Jacob Murphy,12000000,7457848,6516497,6220260
201574,2025,Angus Gunn,1000000,7457848,1359745,2367521
203460,2025,Jack Grealish,20000000,7457848,5325913,10383378
203853,2025,Oleksandr Zinchenko,8000000,7457848,4435825,4014864
204103,2025,Adama Traoré,6000000,7457848,6788310,4304198
206040,2025,Raúl Jiménez,3000000,7457848,15197044,3306675
206746,2025,Kenny Tete,8000000,7457848,4963459,6976813
207014,2025,Will Hughes,5000000,7457848,4461749,5404122
209212,2025,Solly March,1000000,7457848,1436235,2575502
226049,2025,Freddie Woodman,3000000,7457848,1868444,1983117
226973,2025,Harrison Reed,2000000,7457848,1889487,2976718
234803,2025,Andrew Robertson,7000000,7457848,3127956,3527730
236490,2025,Ola Aina,18000000,7457848,3599918,3280734
236953,2025,Sam Byram,400000,7457848,1464331,1181957
240306,2025,Bruno Fernandes,35000000,7457848,92133857,15917231
240692,2025,Reinildo Mandava,4000000,7457848,4951699,4323637
241641,2025,Bernardo Silva,22000000,7457848,19856238,6558632
242606,2025,Josh Cullen,4000000,7457848,2692476,6615006
242631,2025,Alex Iwobi,20000000,7457848,9104002,8261380
245056,2025,Saša Lukić,10000000,7457848,9708917,8602886
249089,2025,Lewis Cook,11000000,7457848,3421607,4405599
249565,2025,Youri Tielemans,30000000,7457848,10902614,11291958
249994,2025,José Sá,3500000,7457848,6191690,2442210
250426,2025,Adam Armstrong,6000000,7457848,3011469,5778789
251106,2025,Enes Ünal,7000000,7457848,6942979,5561444
253677,2025,Tyrone Mings,3000000,7457848,2920429,2612757
256178,2025,Joe Gomez,13000000,7457848,5120908,7054502
257455,2025,João Palhinha,15000000,7457848,21358065,8529372
258004,2025,Rúben Dias,55000000,7457848,14459095,12725676
258878,2025,Tosin Adarabioyo,16000000,7457848,4035211,7446207
258889,2025,Dominic Solanke,28000000,7457848,3199266,6363265
258919,2025,Dean Henderson,28000000,7457848,7241210,12142962
260827,2025,Joachim Andersen,20000000,7457848,9414501,8041763
262226,2025,Timothy Castagne,8000000,7457848,8342926,7861646
262749,2025,David Raya,30000000,7457848,10378400,10253678
262980,2025,Jefferson Lerma,6000000,7457848,13485620,4727046
263236,2025,Kevin Danso,20000000,7457848,6358776,10556341
270171,2025,Vitaly Janelt,16000000,7457848,12022531,13613885
272622,2025,Issa Diop,8000000,7457848,4939878,8999732
277033,2025,David Brooks,12000000,7457848,5944913,8755040
279455,2025,Harry Wilson,25000000,7457848,18032801,40931211
282939,2025,Luke O'Nien,700000,7457848,2661860,3273308
283628,2025,Tomáš Souček,10000000,7457848,12037400,9957586
284857,2025,Marc Cucurella,50000000,7457848,17812666,15202862
286047,2025,Guglielmo Vicario,18000000,7457848,10231622,9233240
292246,2025,Hee-chan Hwang,6000000,7457848,4723062,6460113
293194,2025,Borna Sosa,3000000,7457848,4738857,3905064
293281,2025,Jacob Bruun Larsen,4000000,7457848,7199002,7632447
294057,2025,James Maddison,20000000,7457848,1976416,2214207
295313,2025,Taiwo Awoniyi,8000000,7457848,4716793,8787557
296802,2025,Walter Benítez,4000000,7457848,1841227,1904952
297212,2025,Joe Rodon,18000000,7457848,9023651,13744413
306024,2025,Dominic Calvert-Lewin,22000000,7457848,15629577,16407620
309400,2025,Kai Havertz,55000000,7457848,5846886,9811462
314241,2025,Josh Laurent,1500000,7457848,5359112,5582718
314288,2025,Lukas Nmecha,10000000,7457848,13005166,12931316
314367,2025,Marcus Edwards,6000000,7457848,5597164,8175274
314875,2025,Jarrod Bowen,30000000,7457848,26500270,38949728
315858,2025,Gianluigi Donnarumma,45000000,7457848,14492797,15237842
316264,2025,Martin Ødegaard,65000000,7457848,10146016,16539571
318508,2025,Olivier Boscagli,15000000,7457848,6577942,8036008
319301,2025,Daniel James,10000000,7457848,3048502,4361790
319859,2025,Mathias Jensen,10000000,7457848,9698906,7817583
321247,2025,Emiliano Buendía,16000000,7457848,16560504,12842312
324358,2025,Ollie Watkins,25000000,7457848,19221089,15871572
325443,2025,Viktor Gyökeres,65000000,7457848,17618623,16450661
326029,2025,Donyell Malen,45000000,7457848,7118775,7431299
326031,2025,Matthijs de Ligt,30000000,7457848,6690572,8757942
328658,2025,Kristoffer Ajer,18000000,7457848,8026861,10916552
330659,2025,Justin Kluivert,25000000,7457848,9868328,12287794
331726,2025,Tammy Abraham,18000000,7457848,2656886,6880628
332705,2025,Tyler Adams,25000000,7457848,7291451,10199378
333014,2025,Sander Berge,25000000,7457848,10627757,11462542
333241,2025,Joelinton,25000000,7457848,12361427,14180143
335721,2025,Ben White,30000000,7457848,2790317,4357604
336077,2025,Altay Bayındır,5000000,7457848,4858349,3143546
338424,2025,Mikel Merino,25000000,7457848,9463338,11026580
338629,2025,Sebastiaan Bornauw,8000000,7457848,7428102,7316394
339340,2025,Tyrell Malacia,4000000,7457848,3598833,4392181
339556,2025,Rico Henry,13000000,7457848,4331860,5448611
340321,2025,Josh Dasilva,1500000,7457848,2063188,2846898
340324,2025,Eddie Nketiah,10000000,7457848,2971217,6895424
340325,2025,Reiss Nelson,8000000,7457848,3224890,4334409
340329,2025,Joe Willock,14000000,7457848,5919224,7538235
340456,2025,Noussair Mazraoui,18000000,7457848,4808428,4092831
340918,2025,Caoimhín Kelleher,28000000,7457848,5706837,13927071
341051,2025,Kyle Walker-Peters,12000000,7457848,3945874,5122996
341092,2025,Federico Chiesa,13000000,7457848,9733446,6900207
342046,2025,Axel Tuanzebe,5000000,7457848,4603215,7400884
342385,2025,Guido Rodríguez,4000000,7457848,2900776,2488611
344069,2025,Anton Stach,28000000,7457848,19837240,24788737
344152,2025,Odsonne Édouard,12000000,7457848,2882505,2606488
345911,2025,Ladislav Krejci,22000000,7457848,12202307,18020555
346314,2025,Trevoh Chalobah,40000000,7457848,12078898,13134134
346483,2025,Mason Mount,25000000,7457848,6428097,11062716
346707,2025,Sean Longstaff,15000000,7457848,5574855,8819664
346890,2025,Noah Okafor,25000000,7457848,14717218,17292608
348026,2025,Nordi Mukiele,16000000,7457848,17435602,15312550
349066,2025,Alexander Isak,85000000,7457848,3943979,8745602
349701,2025,Antonee Robinson,22000000,7457848,4447475,6886624
352041,2025,Lucas Perri,10000000,7457848,7608374,7407962
353032,2025,Omar Alderete,13000000,7457848,12646905,10514862
354362,2025,Rodrigo Bentancur,20000000,7457848,7763879,10051837
355915,2025,Cristian Romero,45000000,7457848,12219260,13101907
356141,2025,Daichi Kamada,10000000,7457848,7558465,5111148
357119,2025,Ibrahima Konaté,45000000,7457848,21042387,19309398
357147,2025,Diogo Dalot,30000000,7457848,20117241,21606023
357162,2025,Florentino,16000000,7457848,20213527,20356389
357565,2025,Rodri,50000000,7457848,7485981,9435075
357662,2025,Declan Rice,120000000,7457848,17381382,15558077
361093,2025,Sven Botman,35000000,7457848,11588557,12733993
361914,2025,Nayef Aguerd,15000000,7457848,2729164,3149454
362108,2025,Gabriel Gudmundsson,20000000,7457848,7884538,8457175
363205,2025,Gabriel Jesus,17000000,7457848,6145788,7116065
365108,2025,Dan Ndoye,32000000,7457848,7832547,8397629
369316,2025,Ferdi Kadıoğlu,35000000,7457848,21893436,14411087
369567,2025,Sasa Kalajdzic,4000000,7457848,1640853,3868261
369962,2025,Joël Piroe,10000000,7457848,3608851,7133874
371851,2025,Jaka Bijol,20000000,7457848,7637615,11690391
375885,2025,Ibrahim Sangaré,20000000,7457848,14023707,13935938
378710,2025,Richarlison,25000000,7457848,29251369,23510980
380350,2025,Igor Julio,10000000,7457848,5569840,4272522
381753,2025,Ilia Gruev,12000000,7457848,7494133,11373537
381963,2025,Mike Tresor,2000000,7457848,5257198,3547617
386047,2025,Axel Disasi,15000000,7457848,7311283,8349106
387626,2025,Leon Bailey,14000000,7457848,2590058,5154529
388165,2025,Yoane Wissa,25000000,7457848,3327517,3392058
391065,2025,Hamed Traoré,15000000,7457848,4024097,7096521
392179,2025,Hjalmar Ekdal,5000000,7457848,4989845,9658633
392757,2025,Marc Guéhi,70000000,7457848,20918070,13935341
392765,2025,Emile Smith Rowe,20000000,7457848,12775157,10246475
392768,2025,Callum Hudson-Odoi,30000000,7457848,11669287,13940121
392770,2025,Angel Gomes,10000000,7457848,3875967,8092606
392771,2025,Ethan Ampadu,30000000,7457848,11157223,15919891
392775,2025,Ryan Sessegnon,22000000,7457848,10438174,11943050
393323,2025,Brenden Aaronson,22000000,7457848,17999687,17416489
394327,2025,Boubacar Kamara,40000000,7457848,12286121,15704136
397033,2025,Sandro Tonali,80000000,7457848,21296508,11734605
398065,2025,Harvey Barnes,32000000,7457848,12619849,13871403
399434,2025,Marcus Tavernier,25000000,7457848,17460709,20001321
399776,2025,Pau Torres,20000000,7457848,7551022,8059126
400536,2025,Mads Hermansen,15000000,7457848,6155057,11500649
401173,2025,Jadon Sancho,18000000,7457848,5876238,6893415
401922,2025,Samuel Chukwueze,18000000,7457848,8525409,10732103
403151,2025,Robert Sánchez,22000000,7457848,12838419,17046537
404842,2025,Vitaliy Mykolenko,25000000,7457848,18407079,8432090
406634,2025,Matt O'Riley,18000000,7457848,3942054,8445832
406635,2025,Phil Foden,70000000,7457848,19067149,25794212
410225,2025,Ismaïla Sarr,40000000,7457848,15282750,15610958
410425,2025,Yves Bissouma,10000000,7457848,2971071,3274255
410708,2025,Pascal Struijk,22000000,7457848,14940783,9914274
411537,2025,Zian Flemming,12000000,7457848,14904395,14899393
413039,2025,Bryan Mbeumo,75000000,7457848,26509331,27419352
413220,2025,James Justin,12000000,7457848,8029856,7373176
413403,2025,Ezri Konsa,40000000,7457848,8196096,10836794
413507,2025,Nikola Milenković,28000000,7457848,17210880,15840463
414908,2025,Marshall Munetsi,15000000,7457848,3407359,7934951
415381,2025,Mats Wieffer,25000000,7457848,11228680,12169587
415912,2025,Konstantinos Mavropanos,18000000,7457848,10629208,16994361
415970,2025,Joe Worrall,2000000,7457848,3062587,4075343
417346,2025,Jack Harrison,6500000,7457848,2320613,3539984
418560,2025,Erling Haaland,200000000,7457848,95481548,72872819
420002,2025,Jean-Philippe Mateta,30000000,7457848,21407477,16134479
420210,2025,Lutsharel Geertruida,20000000,7457848,8990305,11592613
420243,2025,Jurriën Timber,70000000,7457848,19517046,20085567
421637,2025,Frank Onyeka,8000000,7457848,2822545,2770933
423440,2025,Martín Zubimendi,75000000,7457848,25841865,18131781
424015,2025,Nathan Patterson,10000000,7457848,2656340,5184695
425334,2025,Matty Cash,22000000,7457848,9957874,14769533
425902,2025,Ryan Yates,7000000,7457848,4647443,6339290
427568,2025,Aaron Ramsdale,12000000,7457848,2999433,3830948
429014,2025,Morgan Gibbs-White,70000000,7457848,37588209,53405186
429915,2025,Maxim De Cuyper,22000000,7457848,21594223,15595461
429983,2025,Jørgen Strand Larsen,40000000,7457848,14105422,12137947
432164,2025,Igor Jesus,25000000,7457848,35265492,23476287
432914,2025,John Victor,5000000,7457848,4137649,4558984
433177,2025,Bukayo Saka,110000000,7457848,20560922,28619605
433188,2025,Curtis Jones,35000000,7457848,10820495,10814465
434224,2025,Maxence Lacroix,50000000,7457848,24771193,19572232
434675,2025,Cody Gakpo,60000000,7457848,27726519,21262191
435338,2025,Gabriel,75000000,7457848,26932717,32987600
435648,2025,Joshua Zirkzee,20000000,7457848,8897639,8018732
438001,2025,Santiago Bueno,10000000,7457848,12985219,15947959
442248,2025,Ethan Pinnock,3000000,7457848,1524451,1534394
444523,2025,Lucas Paquetá,32000000,7457848,12043962,18551542
445939,2025,Omar Marmoush,50000000,7457848,7385438,7639443
447661,2025,Douglas Luiz,18000000,7457848,11325378,7696256
450050,2025,Jean-Ricner Bellegarde,16000000,7457848,6920796,8738417
451276,2025,Dominik Szoboszlai,100000000,7457848,27788192,24912393
455661,2025,Nick Woltemade,55000000,7457848,26518836,22423150
460939,2025,Tijjani Reijnders,50000000,7457848,12786435,13317629
461883,2025,Calvin Bassey,28000000,7457848,11369453,14294414
463603,2025,Benoît Badiashile,15000000,7457848,7475130,6317334
463605,2025,Bafodé Diakité,25000000,7457848,10775140,11506134
465555,2025,Djordje Petrovic,28000000,7457848,16849655,17593624
465717,2025,Jayden Bogle,15000000,7457848,11117043,14987823
466805,2025,Nico González,40000000,7457848,14437851,12836483
467623,2025,Lyle Foster,8000000,7457848,7186066,8655795
469050,2025,Nathan Collins,30000000,7457848,9962307,11900136
469781,2025,Marcos Senesi,25000000,7457848,18691190,11884456
470607,2025,Brennan Johnson,30000000,7457848,11547613,9239971
472423,2025,Reece James,60000000,7457848,9675154,17025485
473050,2025,Kevin Schade,35000000,7457848,36306410,30228466
473169,2025,Brian Brobbey,30000000,7457848,17837143,10498864
474701,2025,Crysencio Summerville,35000000,7457848,22339801,15885942
475188,2025,Kiernan Dewsbury-Hall,35000000,7457848,16231502,29575689
475411,2025,Wesley Fofana,28000000,7457848,15116341,15928754
475959,2025,Josko Gvardiol,70000000,7457848,15071759,15362771
476701,2025,Manuel Ugarte,25000000,7457848,7901417,7581446
477758,2025,Aaron Wan-Bissaka,15000000,7457848,6090530,7165966
478573,2025,Ryan Gravenberch,80000000,7457848,33213065,28217814
479999,2025,Eberechi Eze,65000000,7457848,16082564,15326977
480762,2025,Lisandro Martínez,40000000,7457848,6547409,6301636
483348,2025,Djed Spence,30000000,7457848,8320543,10296107
484547,2025,Jeremie Frimpong,35000000,7457848,7773581,7801954
485583,2025,Ki-Jana Hoever,3500000,7457848,4797815,6595618
485585,2025,Ian Maatsen,30000000,7457848,14916943,13660321
485706,2025,Amadou Onana,45000000,7457848,17696371,16382881
486049,2025,Jérémy Doku,75000000,7457848,35257809,21858370
487465,2025,Pedro Neto,60000000,7457848,35601627,31568066
487969,2025,Randal Kolo Muani,20000000,7457848,10800096,8247118
488362,2025,Conor Gallagher,32000000,7457848,4696023,11918176
488935,2025,Hákon Valdimarsson,2500000,7457848,2572010,1927687
489359,2025,Ao Tanaka,13000000,7457848,8694997,8645742
493003,2025,Daniel Muñoz,22000000,7457848,14888739,8639062
494237,2025,Wilson Isidor,18000000,7457848,11800425,10955864
494880,2025,Jorge Cuenca,8000000,7457848,7638559,7952906
495666,2025,William Saliba,100000000,7457848,20350135,19065544
497291,2025,Nicolás Domínguez,15000000,7457848,9158799,10289717
500689,2025,Evann Guessand,25000000,7457848,12469703,7918012
502676,2025,Giorgi Mamardashvili,28000000,7457848,4148626,5639943
502821,2025,Riccardo Calafiori,55000000,7457848,18602627,11874983
503680,2025,Neco Williams,28000000,7457848,14983091,17583409
503686,2025,Dan Ballard,20000000,7457848,7514066,15040267
503733,2025,Anthony Gordon,65000000,7457848,11450320,14652988
503743,2025,Morgan Rogers,90000000,7457848,42621611,39976663
503749,2025,Jacob Ramsey,35000000,7457848,9938390,11915957
503883,2025,Senne Lammens,35000000,7457848,18901500,18358805
503981,2025,Tino Livramento,45000000,7457848,5475642,8526435
503987,2025,Noni Madueke,50000000,7457848,8945665,10397199
504849,2025,Kaoru Mitoma,22000000,7457848,7966470,7748214
505219,2025,James Garner,45000000,7457848,23101144,17439955
514285,2025,Quilindschy Hartman,16000000,7457848,13105665,14339661
515544,2025,Trai Hume,22000000,7457848,9646972,15819407
517894,2025,Matheus Cunha,75000000,7457848,35090399,23167183
520624,2025,Bruno Guimarães,70000000,7457848,34022850,31176089
521964,2025,Malick Thiaw,45000000,7457848,25911037,20340113
522784,2025,Taty Castellanos,28000000,7457848,7505721,10200873
524285,2025,Luca Netz,8000000,7457848,6746856,4344025
525247,2025,Maximilian Kilman,13000000,7457848,4706616,6714278
532776,2025,Amine Adli,20000000,7457848,13132773,10939253
534033,2025,Alexis Mac Allister,70000000,7457848,18924211,11901151
536835,2025,Amad Diallo,45000000,7457848,22407772,15678656
538977,2025,Georginio Rutter,30000000,7457848,21568971,12461363
540664,2025,Dilane Bakwa,28000000,7457848,9411269,6500649
540941,2025,Mikkel Damsgaard,30000000,7457848,19007009,16687316
541231,2025,Sepp van den Berg,32000000,7457848,18846783,17482935
543499,2025,Mohammed Kudus,50000000,7457848,10036586,19285508
548729,2025,Zeki Amdouni,7000000,7457848,2706175,2795756
553875,2025,Pedro Porro,35000000,7457848,14727223,13094059
556385,2025,Destiny Udogie,30000000,7457848,13580767,10594699
557459,2025,Micky van de Ven,50000000,7457848,24291232,19553811
559263,2025,Fábio Carvalho,8000000,7457848,8726297,5222893
565093,2025,Bart Verbruggen,40000000,7457848,18365243,18491026
565822,2025,Harvey Elliott,20000000,7457848,4432049,3348975
566799,2025,James Trafford,25000000,7457848,3333084,2126721
566931,2025,Xavi Simons,40000000,7457848,21889124,19290336
567576,2025,Elliot Anderson,75000000,7457848,21737205,26188019
568006,2025,Dennis Cirkin,6000000,7457848,4021593,5697702
568157,2025,Yéremy Pino,30000000,7457848,21587474,15183745
568177,2025,Cole Palmer,100000000,7457848,17627056,25716152
568559,2025,Radu Drăgușin,16000000,7457848,6043779,7439681
568693,2025,Pape Matar Sarr,30000000,7457848,15942564,14021459
571743,2025,Armando Broja,5000000,7457848,7732101,9026998
572265,2025,Lorenzo Lucca,20000000,7457848,4573835,6376758
576314,2025,Jan Paul van Hecke,45000000,7457848,25041976,15794022
578391,2025,Rayan Aït-Nouri,40000000,7457848,8059143,8132700
578539,2025,Chris Richards,28000000,7457848,9953694,14557193
583189,2025,Anthony Elanga,32000000,7457848,9164188,11590067
583199,2025,James McAtee,18000000,7457848,5428697,10930902
583255,2025,Antoine Semenyo,80000000,7457848,60620532,40039387
584769,2025,Dwight McNeil,18000000,7457848,5166048,6365447
585323,2025,Filip Jørgensen,15000000,7457848,4107890,2555599
585959,2025,Arnaud Kalimuendo,25000000,7457848,5457495,5338722
588989,2025,Jhon Arias,15000000,7457848,8753218,6043581
591949,2025,Aaron Hickey,16000000,7457848,5994302,4936753
595809,2025,Beto,18000000,7457848,15863293,11841265
598577,2025,Florian Wirtz,100000000,7457848,33700729,20112144
601883,2025,Matheus Nunes,50000000,7457848,24885829,36080199
605184,2025,Jean-Clair Todibo,22000000,7457848,12991557,13255735
605426,2025,Melker Ellborg,3000000,7457848,3366870,1886626
606718,2025,Toti,18000000,7457848,10872806,13719946
607223,2025,Rayan Cherki,90000000,7457848,77902246,40288656
607224,2025,Hannibal,15000000,7457848,11844157,16662552
607226,2025,Loum Tchaouna,13000000,7457848,19665952,13334128
608832,2025,Merlin Röhl,16000000,7457848,9580438,9583938
609556,2025,William Osula,28000000,7457848,12613092,13730996
610849,2025,Liam Delap,28000000,7457848,7814285,8886427
611793,2025,James Hill,23000000,7457848,11915464,14024701
612517,2025,Bashir Humphreys,12000000,7457848,8724670,11183852
614258,2025,Levi Colwill,50000000,7457848,3937820,2076476
617755,2025,Jenson Seelt,5000000,7457848,5825052,3139454
620322,2025,Malo Gusto,35000000,7457848,26208022,23543010
623570,2025,Iliman Ndiaye,55000000,7457848,19943534,16517387
624258,2025,Conor Bradley,25000000,7457848,4059594,8064095
626724,2025,João Pedro,80000000,7457848,87292680,54260946
627442,2025,Benjamin Sesko,75000000,7457848,17574119,37935210
627626,2025,Wilfried Gnonto,16000000,7457848,15185471,7068826
628451,2025,Roméo Lavia,22000000,7457848,10949267,5191792
633992,2025,Enzo Le Fée,28000000,7457848,34019455,17128552
644401,2025,Keane Lewis-Potter,25000000,7457848,10577234,11416781
645686,2025,Lamare Bogarde,18000000,7457848,15217494,11065836
646750,2025,Cristhian Mosquera,40000000,7457848,14408728,9364523
646991,2025,Robin Roefs,28000000,7457848,16596114,24539619
648195,2025,Enzo Fernández,90000000,7457848,39923092,32371660
654539,2025,Adrien Truffert,30000000,7457848,34760935,20868010
655488,2025,Gabriel Martinelli,45000000,7457848,22734429,20522404
658536,2025,Simon Adingra,22000000,7457848,8357696,10035060
659813,2025,Piero Hincapié,50000000,7457848,14582860,13649717
660860,2025,Diego Coppola,18000000,7457848,8693782,5439146
661053,2025,Jarrad Branthwaite,40000000,7457848,5653455,5306992
661207,2025,Oscar Bobb,28000000,7457848,9771361,7703245
661427,2025,David Møller Wolfe,8000000,7457848,8914723,8423432
667121,2025,Rodrigo Gomes,15000000,7457848,13974037,14636490
667287,2025,Yasin Ayari,35000000,7457848,13752474,17254003
670717,2025,Dário Essugo,15000000,7457848,9926146,3121508
670858,2025,Lewis Hall,40000000,7457848,13568753,14210720
670882,2025,Jamie Gittens,30000000,7457848,6752948,7974520
673492,2025,Morato,14000000,7457848,16059916,12830875
683571,2025,Tolu Arokodare,20000000,7457848,10721927,10514117
683620,2025,Antoni Milambo,15000000,7457848,5891397,697976
684210,2025,Jaidon Anthony,20000000,7457848,20550265,24952484
687626,2025,Moisés Caicedo,100000000,7457848,21003189,18915695
689637,2025,Chadi Riad,15000000,7457848,7387161,5669263
696181,2025,Romaine Mundle,7000000,7457848,4807516,5162075
696589,2025,Tim Iroegbunam,18000000,7457848,10991066,14906527
698164,2025,Freddie Potts,10000000,7457848,8837995,8721091
698678,2025,Hugo Bueno,12000000,7457848,24040460,19084400
700106,2025,Brajan Gruda,28000000,7457848,12392538,9716474
701057,2025,Rico Lewis,28000000,7457848,4958379,5511786
708072,2025,Nicolò Savona,15000000,7457848,10208069,11355111
709726,2025,Hugo Ekitiké,80000000,7457848,34776644,38345137
711337,2025,Evanilson,35000000,7457848,36549154,24517598
711544,2025,Jake O'Brien,18000000,7457848,7894676,10992895
711999,2025,Lesley Ugochukwu,22000000,7457848,38619409,31327520
716276,2025,Yerson Mosquera,12000000,7457848,18010994,19999872
717411,2025,Yegor Yarmolyuk,32000000,7457848,33864124,21004270
719673,2025,Ben Gannon-Doak,15000000,7457848,4384203,3171084
725912,2025,Antonín Kinský,15000000,7457848,5195472,3957443
727089,2025,Noah Sadiki,35000000,7457848,14773112,19619383
730861,2025,Milos Kerkez,35000000,7457848,16482033,19555554
730893,2025,Tyrick Mitchell,25000000,7457848,12696087,12055588
735570,2025,João Gomes,40000000,7457848,23685455,24785625
735571,2025,Rodrigo Muniz,20000000,7457848,11337330,9531051
739443,2025,Igor Thiago,65000000,7457848,103120270,48841150
741238,2025,Omari Hutchinson,30000000,7457848,18067208,16175223
741257,2025,Álex Jiménez,22000000,7457848,19562561,20462983
743384,2025,Chemsdine Talbi,25000000,7457848,20562107,17106523
743413,2025,Nico O'Reilly,70000000,7457848,26261831,24530583
743498,2025,Wilson Odobert,18000000,7457848,17642169,11216851
743591,2025,Savinho,35000000,7457848,20290661,9656815
743600,2025,Andrey Santos,40000000,7457848,21193498,15060995
744149,2025,Adam Wharton,70000000,7457848,20328377,18449721
745181,2025,Soungoutou Magassa,17000000,7457848,16694069,15013540
747009,2025,Justin Devenny,12000000,7457848,5699431,7916673
748319,2025,Carlos Alcaraz,15000000,7457848,9778549,8967329
763079,2025,Abdukodir Khusanov,50000000,7457848,10559344,8521383
800176,2025,André,25000000,7457848,26851683,23927498
801734,2025,Mathys Tel,22000000,7457848,24500912,13660250
811779,2025,Alejandro Garnacho,28000000,7457848,17543046,16232675
817665,2025,Pablo,18000000,7457848,10459727,5366911
820374,2025,Kobbie Mainoo,70000000,7457848,12790801,15036085
823231,2025,Dango Ouattara,35000000,7457848,36584881,30444107
823486,2025,Michael Kayode,40000000,7457848,27841719,23019134
829299,2025,Max Weiß,4000000,7457848,5830042,1943203
842341,2025,Maxime Estève,28000000,7457848,23519148,19488429
843595,2025,Max Alleyne,8000000,7457848,6071247,2565864
848509,2025,Jackson Tchatchoua,12000000,7457848,11686153,9730920
855256,2025,Alex Scott,50000000,7457848,16947920,17393989
860078,2025,Kaden Rodney,200000,7457848,4195118,1677035
866246,2025,Lucas Bergvall,35000000,7457848,11946899,13114472
866655,2025,Tyler Dibling,17000000,7457848,6116168,4609207
867688,2025,Jack Hinshelwood,28000000,7457848,20123945,18312721
876631,2025,Habib Diarra,35000000,7457848,13434351,14190353
880245,2025,Mateus Fernandes,50000000,7457848,47537868,32431258
890719,2025,Ethan Nwaneri,35000000,7457848,5720573,2459808
890721,2025,Myles Lewis-Skelly,45000000,7457848,9369571,8758162
900195,2025,Kevin,25000000,7457848,19961797,12197173
900601,2025,Alex Murphy,1500000,7457848,2682584,1557336
903611,2025,Nilson Angulo,17000000,7457848,5932176,4957439
904802,2025,Jorrel Hato,40000000,7457848,14235487,10045467
910905,2025,Mamadou Sarr,22000000,7457848,7284700,2453300
911424,2025,Tyler Fredricson,3000000,7457848,4477048,620011
922563,2025,Oliver Scarles,10000000,7457848,7273306,5065112
922693,2025,Archie Gray,35000000,7457848,15089728,13611856
922769,2025,Lewis Miley,25000000,7457848,13511152,15559860
923831,2025,Leny Yoro,50000000,7457848,32864168,18060700
926952,2025,Patrick Dorgu,35000000,7457848,19185382,17387089
927768,2025,Lucas Pires,4000000,7457848,12877909,9658198
933017,2025,Zach Abbott,4000000,7457848,5316071,1281856
933018,2025,Tom Watson,7000000,7457848,4933480,2902083
936874,2025,Tyrique George,20000000,7457848,7831622,6117577
937941,2025,Thierno Barry,30000000,7457848,32642256,20041657
938158,2025,Marc Guiu,12000000,7457848,9595793,6850382
947411,2025,Chris Rigg,25000000,7457848,10556099,10441604
950091,2025,Stefanos Tzimas,18000000,7457848,7209084,5432956
953135,2025,Callum Marshall,2000000,7457848,2085014,3616153
955357,2025,Junior Kroupi,70000000,7457848,51920568,31027993
967319,2025,Romain Esse,10000000,7457848,3940043,2250549
967346,2025,Eliezer Mayenda,16000000,7457848,11598314,8386615
973085,2025,Carlos Baleba,55000000,7457848,16583041,13680192
983989,2025,Facundo Buonanotte,12000000,7457848,7882513,3467014
984096,2025,Jair Cunha,15000000,7457848,17425812,5779765
989112,2025,Veljko Milosavljevic,20000000,7457848,12270109,3126643
991800,2025,Luís Guilherme,12000000,7457848,9599117,4195165
996897,2025,Diego Gómez,25000000,7457848,23396535,18970612
998101,2025,Alex Tóth,12000000,7457848,5481888,6138270
1004708,2025,Josh Acheampong,25000000,7457848,7547137,6316671
1005583,2025,Alysson,10000000,7457848,9329067,4803579
1005649,2025,Murillo,50000000,7457848,20481960,15903779
1006411,2025,Jaydee Canvot,28000000,7457848,19744031,14884277
1009658,2025,Julio Soler,8000000,7457848,6607307,2354454
1011131,2025,Josh King,25000000,7457848,18300167,15426572
1011936,2025,Kaye Furo,8000000,7457848,7011299,1482976
1012534,2025,Yankuba Minteh,45000000,7457848,17683069,21780402
1012564,2025,Rayan,60000000,7457848,24975133,16200212
1045123,2025,Trey Nyoni,8000000,7457848,5421878,2206839
1047257,2025,Rio Cardines,300000,7457848,5178225,776881
1056993,2025,Estêvão,80000000,7457848,26701521,14946376
1060087,2025,Charalampos Kostoulas,25000000,7457848,10754481,8020354
1063329,2025,Andrés García,6000000,7457848,5596375,4431322
1064471,2025,Fer López,16000000,7457848,8924891,7991327
1069512,2025,Jonah Kusi-Asare,3000000,7457848,4782391,1896552
1078163,2025,Ayden Heaven,30000000,7457848,10000181,8469984
1081995,2025,Mohamadou Kanté,1000000,7457848,12102367,7274835
1086258,2025,Souza,12000000,7457848,11272595,3848583
1091562,2025,Romelle Donovan,3500000,7457848,4767087,2520144
1107726,2025,Ezra Mayers,2000000,7457848,6203088,2504388
1107733,2025,Harrison Armstrong,12000000,7457848,6919703,4233036
1108466,2025,Rio Ngumoha,30000000,7457848,11641469,11450252
1111589,2025,El Hadji Malick Diouf,28000000,7457848,26061321,20774963
1124005,2025,Christantus Uche,12000000,7457848,6539464,4289338
1187629,2025,Max Dowman,30000000,7457848,7613868,1963985
1193867,2025,Pedro Lima,4000000,7457848,11128110,5963004
1230661,2025,Mateus Mané,20000000,7457848,42291299,18496343
1322090,2025,Jocelin Ta Bi,2500000,7457848,5784967,1526494
